--
-- PostgreSQL database dump
--

SET statement_timeout = 0;
SET client_encoding = 'UTF8';
SET standard_conforming_strings = on;
SET check_function_bodies = false;
SET client_min_messages = warning;

SET search_path = public, pg_catalog;

SET default_tablespace = '';

SET default_with_oids = false;

--
-- Name: cargo; Type: TABLE; Schema: public; Owner: root; Tablespace: 
--

CREATE TABLE cargo (
    id integer NOT NULL,
    id_fam integer,
    codigo character varying(50) NOT NULL,
    codtno character varying(50),
    codgra character varying(50),
    nombre character varying(50) NOT NULL,
    clave boolean,
    descripcion text,
    funciones text
);


ALTER TABLE public.cargo OWNER TO root;

--
-- Name: cargo_id_seq; Type: SEQUENCE; Schema: public; Owner: root
--

CREATE SEQUENCE cargo_id_seq
    START WITH 1
    INCREMENT BY 1
    NO MINVALUE
    NO MAXVALUE
    CACHE 1;


ALTER TABLE public.cargo_id_seq OWNER TO root;

--
-- Name: cargo_id_seq; Type: SEQUENCE OWNED BY; Schema: public; Owner: root
--

ALTER SEQUENCE cargo_id_seq OWNED BY cargo.id;


--
-- Name: correo; Type: TABLE; Schema: public; Owner: root; Tablespace: 
--

CREATE TABLE correo (
    id_per integer,
    destino character varying(50) NOT NULL,
    asunto character varying(200) NOT NULL,
    mensaje text NOT NULL
);


ALTER TABLE public.correo OWNER TO root;

--
-- Name: encuesta_id_seq; Type: SEQUENCE; Schema: public; Owner: root
--

CREATE SEQUENCE encuesta_id_seq
    START WITH 1
    INCREMENT BY 1
    NO MINVALUE
    NO MAXVALUE
    CACHE 1;


ALTER TABLE public.encuesta_id_seq OWNER TO root;

--
-- Name: encuesta; Type: TABLE; Schema: public; Owner: root; Tablespace: 
--

CREATE TABLE encuesta (
    id integer DEFAULT nextval('encuesta_id_seq'::regclass) NOT NULL,
    id_encuesta_ls integer NOT NULL,
    id_fam integer NOT NULL,
    id_unidad integer NOT NULL,
    estado boolean,
    actual boolean
);


ALTER TABLE public.encuesta OWNER TO root;

--
-- Name: TABLE encuesta; Type: COMMENT; Schema: public; Owner: root
--

COMMENT ON TABLE encuesta IS 'Tabla de encuestas importadas desde Limesurvey';


--
-- Name: COLUMN encuesta.id; Type: COMMENT; Schema: public; Owner: root
--

COMMENT ON COLUMN encuesta.id IS 'Identificador de la encuesta en el sistema';


--
-- Name: COLUMN encuesta.id_encuesta_ls; Type: COMMENT; Schema: public; Owner: root
--

COMMENT ON COLUMN encuesta.id_encuesta_ls IS 'Identificador de la encuesta en Limesurvey';


--
-- Name: COLUMN encuesta.id_fam; Type: COMMENT; Schema: public; Owner: root
--

COMMENT ON COLUMN encuesta.id_fam IS 'Identificador de la familia de cargos asociada a la encuesta';


--
-- Name: COLUMN encuesta.id_unidad; Type: COMMENT; Schema: public; Owner: root
--

COMMENT ON COLUMN encuesta.id_unidad IS 'Identificador de la unidad asociada a la encuesta';


--
-- Name: COLUMN encuesta.estado; Type: COMMENT; Schema: public; Owner: root
--

COMMENT ON COLUMN encuesta.estado IS 'Estado actual de la encuesta';


--
-- Name: COLUMN encuesta.actual; Type: COMMENT; Schema: public; Owner: root
--

COMMENT ON COLUMN encuesta.actual IS 'Vigencia de la encuesta en el sistema';


--
-- Name: error; Type: TABLE; Schema: public; Owner: root; Tablespace: 
--

CREATE TABLE error (
    id_error integer NOT NULL,
    mensaje text NOT NULL
);


ALTER TABLE public.error OWNER TO root;

--
-- Name: error_id_error_seq; Type: SEQUENCE; Schema: public; Owner: root
--

CREATE SEQUENCE error_id_error_seq
    START WITH 1
    INCREMENT BY 1
    NO MINVALUE
    NO MAXVALUE
    CACHE 1;


ALTER TABLE public.error_id_error_seq OWNER TO root;

--
-- Name: error_id_error_seq; Type: SEQUENCE OWNED BY; Schema: public; Owner: root
--

ALTER SEQUENCE error_id_error_seq OWNED BY error.id_error;


--
-- Name: evaluacion_id_seq; Type: SEQUENCE; Schema: public; Owner: root
--

CREATE SEQUENCE evaluacion_id_seq
    START WITH 0
    INCREMENT BY 1
    MINVALUE 0
    NO MAXVALUE
    CACHE 1;


ALTER TABLE public.evaluacion_id_seq OWNER TO root;

--
-- Name: evaluacion; Type: TABLE; Schema: public; Owner: root; Tablespace: 
--

CREATE TABLE evaluacion (
    id integer DEFAULT nextval('evaluacion_id_seq'::regclass) NOT NULL,
    periodo text,
    fecha_ini character varying(10),
    fecha_fin character varying(10),
    actual boolean
);


ALTER TABLE public.evaluacion OWNER TO root;

--
-- Name: familia_cargo; Type: TABLE; Schema: public; Owner: root; Tablespace: 
--

CREATE TABLE familia_cargo (
    id integer NOT NULL,
    nombre character varying(50) NOT NULL,
    descripcion text
);


ALTER TABLE public.familia_cargo OWNER TO root;

--
-- Name: familia_cargo_id_seq; Type: SEQUENCE; Schema: public; Owner: root
--

CREATE SEQUENCE familia_cargo_id_seq
    START WITH 1
    INCREMENT BY 1
    NO MINVALUE
    NO MAXVALUE
    CACHE 1;


ALTER TABLE public.familia_cargo_id_seq OWNER TO root;

--
-- Name: familia_cargo_id_seq; Type: SEQUENCE OWNED BY; Schema: public; Owner: root
--

ALTER SEQUENCE familia_cargo_id_seq OWNED BY familia_cargo.id;


--
-- Name: familia_rol; Type: TABLE; Schema: public; Owner: root; Tablespace: 
--

CREATE TABLE familia_rol (
    id integer NOT NULL,
    nombre character varying(50) NOT NULL,
    descripcion text
);


ALTER TABLE public.familia_rol OWNER TO root;

--
-- Name: familia_rol_id_seq; Type: SEQUENCE; Schema: public; Owner: root
--

CREATE SEQUENCE familia_rol_id_seq
    START WITH 1
    INCREMENT BY 1
    NO MINVALUE
    NO MAXVALUE
    CACHE 1;


ALTER TABLE public.familia_rol_id_seq OWNER TO root;

--
-- Name: familia_rol_id_seq; Type: SEQUENCE OWNED BY; Schema: public; Owner: root
--

ALTER SEQUENCE familia_rol_id_seq OWNED BY familia_rol.id;


--
-- Name: jefe; Type: TABLE; Schema: public; Owner: root; Tablespace: 
--

CREATE TABLE jefe (
    id_per integer,
    id_jef integer
);


ALTER TABLE public.jefe OWNER TO root;

--
-- Name: organizacion; Type: TABLE; Schema: public; Owner: root; Tablespace: 
--

CREATE TABLE organizacion (
    id integer NOT NULL,
    idsup integer,
    nombre character varying(500) NOT NULL,
    codigo character varying(50),
    descripcion text,
    observacion text
);


ALTER TABLE public.organizacion OWNER TO root;

--
-- Name: organizacion_id_seq; Type: SEQUENCE; Schema: public; Owner: root
--

CREATE SEQUENCE organizacion_id_seq
    START WITH 1
    INCREMENT BY 1
    NO MINVALUE
    NO MAXVALUE
    CACHE 1;


ALTER TABLE public.organizacion_id_seq OWNER TO root;

--
-- Name: organizacion_id_seq; Type: SEQUENCE OWNED BY; Schema: public; Owner: root
--

ALTER SEQUENCE organizacion_id_seq OWNED BY organizacion.id;


--
-- Name: persona; Type: TABLE; Schema: public; Owner: root; Tablespace: 
--

CREATE TABLE persona (
    id integer NOT NULL,
    tipo integer,
    nombre character varying(50) NOT NULL,
    apellido character varying(50) NOT NULL,
    cedula character varying(50) NOT NULL,
    sexo character(1),
    fecha_nac character varying(10),
    unidad text,
    direccion text,
    telefono character varying(15),
    email character varying(50)
);


ALTER TABLE public.persona OWNER TO root;

--
-- Name: persona_cargo; Type: TABLE; Schema: public; Owner: root; Tablespace: 
--

CREATE TABLE persona_cargo (
    id_per integer,
    id_car integer,
    actual boolean,
    fecha_ini character varying(10),
    fecha_fin character varying(10),
    observacion text
);


ALTER TABLE public.persona_cargo OWNER TO root;

--
-- Name: persona_encuesta; Type: TABLE; Schema: public; Owner: root; Tablespace: 
--

CREATE TABLE persona_encuesta (
    id_encuesta integer,
    id_encuesta_ls integer,
    token_ls text,
    tid_ls integer,
    periodo integer,
    id_car integer,
    id_unidad integer,
    tipo text,
    id_encuestado integer,
    id_evaluado integer,
    estado text,
    actual boolean,
    fecha character varying(16),
    ip text
);


ALTER TABLE public.persona_encuesta OWNER TO root;

--
-- Name: COLUMN persona_encuesta.id_encuesta; Type: COMMENT; Schema: public; Owner: root
--

COMMENT ON COLUMN persona_encuesta.id_encuesta IS 'Identificador de la encuesta en el sistema';


--
-- Name: COLUMN persona_encuesta.id_encuesta_ls; Type: COMMENT; Schema: public; Owner: root
--

COMMENT ON COLUMN persona_encuesta.id_encuesta_ls IS 'Identificador de la encuesta en Limesurvey';


--
-- Name: COLUMN persona_encuesta.token_ls; Type: COMMENT; Schema: public; Owner: root
--

COMMENT ON COLUMN persona_encuesta.token_ls IS 'Token del encuestado en Limesurvey';


--
-- Name: COLUMN persona_encuesta.tid_ls; Type: COMMENT; Schema: public; Owner: root
--

COMMENT ON COLUMN persona_encuesta.tid_ls IS 'Identificador del encuestado en Limesurvey';


--
-- Name: COLUMN persona_encuesta.periodo; Type: COMMENT; Schema: public; Owner: root
--

COMMENT ON COLUMN persona_encuesta.periodo IS 'Identificador del periodo asociado a la encuesta';


--
-- Name: COLUMN persona_encuesta.id_car; Type: COMMENT; Schema: public; Owner: root
--

COMMENT ON COLUMN persona_encuesta.id_car IS 'Identificador del cargo asociado a la encuesta';


--
-- Name: COLUMN persona_encuesta.id_unidad; Type: COMMENT; Schema: public; Owner: root
--

COMMENT ON COLUMN persona_encuesta.id_unidad IS 'Identificador de la unidad asociada a la encuesta';


--
-- Name: COLUMN persona_encuesta.tipo; Type: COMMENT; Schema: public; Owner: root
--

COMMENT ON COLUMN persona_encuesta.tipo IS 'Tipo de evaluación';


--
-- Name: COLUMN persona_encuesta.id_encuestado; Type: COMMENT; Schema: public; Owner: root
--

COMMENT ON COLUMN persona_encuesta.id_encuestado IS 'Identificador del encuestado';


--
-- Name: COLUMN persona_encuesta.id_evaluado; Type: COMMENT; Schema: public; Owner: root
--

COMMENT ON COLUMN persona_encuesta.id_evaluado IS 'Identificador del evaluado';


--
-- Name: COLUMN persona_encuesta.estado; Type: COMMENT; Schema: public; Owner: root
--

COMMENT ON COLUMN persona_encuesta.estado IS 'Estado de la eavaluación';


--
-- Name: COLUMN persona_encuesta.actual; Type: COMMENT; Schema: public; Owner: root
--

COMMENT ON COLUMN persona_encuesta.actual IS 'Vigencia de la encuesta';


--
-- Name: COLUMN persona_encuesta.fecha; Type: COMMENT; Schema: public; Owner: root
--

COMMENT ON COLUMN persona_encuesta.fecha IS 'Fecha del último intento de realizar la evaluación';


--
-- Name: COLUMN persona_encuesta.ip; Type: COMMENT; Schema: public; Owner: root
--

COMMENT ON COLUMN persona_encuesta.ip IS 'Dirección IP del último intento de realizar la evaluación';


--
-- Name: persona_evaluador; Type: TABLE; Schema: public; Owner: root; Tablespace: 
--

CREATE TABLE persona_evaluador (
    id_per integer,
    id_eva integer,
    actual boolean,
    fecha_ini character varying(10),
    fecha_fin character varying(10),
    observacion text
);


ALTER TABLE public.persona_evaluador OWNER TO root;

--
-- Name: persona_id_seq; Type: SEQUENCE; Schema: public; Owner: root
--

CREATE SEQUENCE persona_id_seq
    START WITH 1
    INCREMENT BY 1
    NO MINVALUE
    NO MAXVALUE
    CACHE 1;


ALTER TABLE public.persona_id_seq OWNER TO root;

--
-- Name: persona_id_seq; Type: SEQUENCE OWNED BY; Schema: public; Owner: root
--

ALTER SEQUENCE persona_id_seq OWNED BY persona.id;


--
-- Name: persona_rol; Type: TABLE; Schema: public; Owner: root; Tablespace: 
--

CREATE TABLE persona_rol (
    id_per integer,
    id_rol integer,
    fecha character varying(10),
    observacion text
);


ALTER TABLE public.persona_rol OWNER TO root;

--
-- Name: persona_supervisor; Type: TABLE; Schema: public; Owner: root; Tablespace: 
--

CREATE TABLE persona_supervisor (
    id_per integer,
    id_sup integer,
    actual boolean,
    fecha_ini character varying(10),
    fecha_fin character varying(10),
    observacion text
);


ALTER TABLE public.persona_supervisor OWNER TO root;

--
-- Name: pregunta_id_seq; Type: SEQUENCE; Schema: public; Owner: root
--

CREATE SEQUENCE pregunta_id_seq
    START WITH 1
    INCREMENT BY 1
    NO MINVALUE
    NO MAXVALUE
    CACHE 1;


ALTER TABLE public.pregunta_id_seq OWNER TO root;

--
-- Name: pregunta; Type: TABLE; Schema: public; Owner: root; Tablespace: 
--

CREATE TABLE pregunta (
    id_pregunta integer DEFAULT nextval('pregunta_id_seq'::regclass) NOT NULL,
    id_pregunta_ls integer,
    id_encuesta integer,
    id_encuesta_ls integer,
    seccion text,
    titulo text,
    peso real,
    id_pregunta_root_ls integer
);


ALTER TABLE public.pregunta OWNER TO root;

--
-- Name: TABLE pregunta; Type: COMMENT; Schema: public; Owner: root
--

COMMENT ON TABLE pregunta IS 'Tabla de preguntas de una encuesta';


--
-- Name: respuesta; Type: TABLE; Schema: public; Owner: root; Tablespace: 
--

CREATE TABLE respuesta (
    token_ls text,
    id_pregunta integer,
    respuesta text
);


ALTER TABLE public.respuesta OWNER TO root;

--
-- Name: rol; Type: TABLE; Schema: public; Owner: root; Tablespace: 
--

CREATE TABLE rol (
    id integer NOT NULL,
    id_fam integer,
    codigo character varying(50) NOT NULL,
    nombre character varying(50) NOT NULL,
    clave boolean,
    descripcion text,
    funciones text
);


ALTER TABLE public.rol OWNER TO root;

--
-- Name: rol_id_seq; Type: SEQUENCE; Schema: public; Owner: root
--

CREATE SEQUENCE rol_id_seq
    START WITH 1
    INCREMENT BY 1
    NO MINVALUE
    NO MAXVALUE
    CACHE 1;


ALTER TABLE public.rol_id_seq OWNER TO root;

--
-- Name: rol_id_seq; Type: SEQUENCE OWNED BY; Schema: public; Owner: root
--

ALTER SEQUENCE rol_id_seq OWNED BY rol.id;


--
-- Name: usuario; Type: TABLE; Schema: public; Owner: root; Tablespace: 
--

CREATE TABLE usuario (
    id integer NOT NULL,
    username character varying(50) NOT NULL
);


ALTER TABLE public.usuario OWNER TO root;

--
-- Name: usuario_id_seq; Type: SEQUENCE; Schema: public; Owner: root
--

CREATE SEQUENCE usuario_id_seq
    START WITH 1
    INCREMENT BY 1
    NO MINVALUE
    NO MAXVALUE
    CACHE 1;


ALTER TABLE public.usuario_id_seq OWNER TO root;

--
-- Name: usuario_id_seq; Type: SEQUENCE OWNED BY; Schema: public; Owner: root
--

ALTER SEQUENCE usuario_id_seq OWNED BY usuario.id;


--
-- Name: id; Type: DEFAULT; Schema: public; Owner: root
--

ALTER TABLE ONLY cargo ALTER COLUMN id SET DEFAULT nextval('cargo_id_seq'::regclass);


--
-- Name: id_error; Type: DEFAULT; Schema: public; Owner: root
--

ALTER TABLE ONLY error ALTER COLUMN id_error SET DEFAULT nextval('error_id_error_seq'::regclass);


--
-- Name: id; Type: DEFAULT; Schema: public; Owner: root
--

ALTER TABLE ONLY familia_cargo ALTER COLUMN id SET DEFAULT nextval('familia_cargo_id_seq'::regclass);


--
-- Name: id; Type: DEFAULT; Schema: public; Owner: root
--

ALTER TABLE ONLY familia_rol ALTER COLUMN id SET DEFAULT nextval('familia_rol_id_seq'::regclass);


--
-- Name: id; Type: DEFAULT; Schema: public; Owner: root
--

ALTER TABLE ONLY organizacion ALTER COLUMN id SET DEFAULT nextval('organizacion_id_seq'::regclass);


--
-- Name: id; Type: DEFAULT; Schema: public; Owner: root
--

ALTER TABLE ONLY persona ALTER COLUMN id SET DEFAULT nextval('persona_id_seq'::regclass);


--
-- Name: id; Type: DEFAULT; Schema: public; Owner: root
--

ALTER TABLE ONLY rol ALTER COLUMN id SET DEFAULT nextval('rol_id_seq'::regclass);


--
-- Name: id; Type: DEFAULT; Schema: public; Owner: root
--

ALTER TABLE ONLY usuario ALTER COLUMN id SET DEFAULT nextval('usuario_id_seq'::regclass);


--
-- Data for Name: cargo; Type: TABLE DATA; Schema: public; Owner: root
--

COPY cargo (id, id_fam, codigo, codtno, codgra, nombre, clave, descripcion, funciones) FROM stdin;
0	0				Sin asignar	f		
1	0	55555	0	1	INDEFINIDO	f		
2	4	8220	21	2	ESPECIALISTA DE INFORMACION III	f		
3	3	8600	19	2	GESTOR DE DESECHOS	f		
4	3	12111	13	2	ADMINISTRADOR I	f		
5	3	12112	15	2	ADMINISTRADOR II	f		
6	3	12113	17	2	ADMINISTRADOR III	f		
7	3	12114	19	2	ADMINISTRADOR IV	f		
8	3	12115	21	2	ADMINISTRADOR V	f		
9	2	12121	22	2	ADMINISTRADOR JEFE I	f		
10	1	12122	24	2	ADMINISTRADOR JEFE II	f		
11	3	12151	11	2	ASISTENTE ADMINISTRATIVO I	f		
12	3	12152	13	2	ASISTENTE ADMINISTRATIVO II	f		
13	3	12153	15	2	ASISTENTE ADMINISTRATIVO III	f		
14	3	12154	17	2	ASISTENTE ADMINISTRATIVO IV	f		
15	3	12155	19	2	ASISTENTE ADMINISTRATIVO V	f		
16	4	12157	13	2	ASIST. EN LOGISTICA DE ORG. EST. II	f		
17	4	12158	15	2	ASIST. EN LOGISTICA DE ORG. EST. III	f		
18	3	12159	18	2	ASISTENTE ADMTVO. BILINGUE	f		
19	3	12209	20	2	JEFE TECNICO ADMINISTRATIVO I	f		
20	3	12210	21	2	JEFE TECNICO ADMINISTRATIVO II	f		
21	3	12211	22	2	JEFE TECNICO ADMINISTRATIVO III	f		
22	3	12212	23	2	JEFE TECNICO ADMINISTRATIVO IV	f		
23	4	12250	16	2	ASIST. DE ADMINISTRACION DE RECURSOS	f		
24	3	12600	15	2	ANALISTA DE HIGIENE Y SEGURIDAD I	f		
25	3	12601	17	2	ANALISTA DE HIGIENE Y SEGURIDAD II	f		
26	3	12602	19	2	ANALISTA DE HIGIENE Y SEGURIDAD III	f		
27	3	12603	21	2	ANALISTA DE HIGIENE Y SEGURIDAD IV	f		
28	2	12610	23	2	SUPERVISOR DE HIGIENE Y SEGURIDAD	f		
29	4	13211	12	2	ASISTENTE DE ANALISTA I	f		
30	4	13212	14	2	ASISTENTE DE ANALISTA II	f		
31	3	13213	15	2	ASISTENTE DE ORG. Y SIST. I	f		
32	3	13221	15	2	ANALISTA DE ORGANIZACION Y SISTEMAS I	f		
33	3	13222	17	2	ANALISTA DE ORGANIZACION Y SISTEMAS II	f		
34	3	13223	19	2	ANALISTA DE ORGANIZACION Y SISTEMAS III	f		
35	3	13224	21	2	ANALISTA DE ORGANIZACION Y SISTEMAS IV	f		
36	2	13230	23	2	ANALISTA DE ORGANIZACION Y SISTEMAS JEFE	f		
37	2	13244	24	2	ANALISTA CENTRAL ORGANIZAC. Y SISTEMA IV	f		
38	4	13351	12	2	ASISTENTE DE PLANIFICACION I	f		
39	4	13352	14	2	ASISTENTE DE PLANIFICACION II	f		
40	4	13353	15	2	ASISTENTE DE PLANIFICACION III	f		
41	3	13354	16	2	ASISTENTE DE PLANIFICACION DE CURSOS	f		
42	3	13357	16	2	SUPERV. PLANIFIC.DE HORARIOS I	f		
43	3	13358	18	2	SUPERV.DE PLANIF.DE HORARIOS II	f		
44	3	13361	17	2	PLANIFICADOR I	f		
45	3	13362	19	2	PLANIFICADOR II	f		
46	3	13363	21	2	PLANIFICADOR III	f		
47	3	13364	22	2	PLANIFICADOR IV	f		
48	2	13365	23	2	PLANIFICADOR V	f		
49	1	13370	24	2	PLANIFICADOR JEFE	f		
50	1	13372	25	2	PLANIFICADOR JEFE II	f		
51	1	13373	25	2	PLANIFICADOR JEFE III	f		
52	1	13390	25	2	PLANIFICADOR CENTRAL JEFE	f		
53	3	13411	15	2	ANALISTA DE PRESUPUESTO I	f		
54	3	13412	17	2	ANALISTA DE PRESUPUESTO II	f		
55	3	13413	19	2	ANALISTA DE PRESUPUESTO III	f		
56	3	13414	21	2	ANALISTA DE PRESUPUESTO IV	f		
57	3	13420	23	2	ANALISTA DE PRESUPUESTO JEFE	f		
58	3	13431	18	2	ANALISTA CENTRAL PRESUPUESTO I	f		
59	3	13432	20	2	ANALISTA CENTRAL DE PRESUPUESTO II	f		
60	3	13433	22	2	ANALISTA CENTRAL PRESUPUESTO III	f		
61	3	13434	23	2	ANALISTA CENTRAL PRESUPUESTO IV	f		
62	1	13440	25	2	ANALISTA CENTRAL PRESUPUESTO JEFE	f		
63	4	14111	13	2	ASISTENTE DE ANALISTA FINANCIERO I	f		
64	4	14112	15	2	ASISTENTE ANALISTA FINANCIERO II	f		
65	3	14121	17	2	ANALISTA FINANCIERO I	f		
66	3	14122	19	2	ANALISTA FINANCIERO II	f		
67	3	14123	21	2	ANALISTA FINANCIERO III	f		
68	3	14124	22	2	ANALISTA FINANCIERO IV	f		
69	2	14125	23	2	ANALISTA FINANCIERO V	f		
70	1	14130	24	2	ANALISTA FINANCIERO JEFE	f		
71	1	14131	25	2	ANALISTA FINANCIERO JEFE II	f		
72	4	15415	16	2	ASISTENTE DE NOMINA III	f		
73	4	15511	10	2	ASISTENTE DE PERSONAL I	f		
74	4	15512	12	2	ASISTENTE DE PERSONAL II	f		
75	4	15513	14	2	ASISTENTE DE PERSONAL III	f		
76	4	15514	15	2	ASISTENTE DE PERSONAL IV	f		
77	4	15515	11	2	ASISTENTE DE NOMINA I	f		
78	4	15518	11	2	ASISTENTE DE PERSONAL EN SEGUROS I	f		
79	4	15519	13	2	ASISTENTE DE PERSONAL EN SEGUROS II	f		
80	3	15520	15	2	ASISTENTE DE SEGURO I	f		
81	3	15521	15	2	ASISTENTE DE PERSONAL EN SEGURO III	f		
82	2	15524	21	2	JEFE DE PERSONAL IV	f		
83	1	15525	23	2	JEFE DE PERSONAL V	f		
84	1	15526	24	2	JEFE DE PERSONAL VI	f		
85	1	15527	25	2	JEFE DE PERSONAL VII	f		
86	3	15611	15	2	ANALISTA DE PERSONAL I	f		
87	3	15612	17	2	ANALISTA DE PERSONAL II	f		
88	3	15613	19	2	ANALISTA DE PERSONAL III	f		
89	3	15614	21	2	ANALISTA DE PERSONAL IV	f		
90	3	15616	15	2	ANALISTA DE RECUR.HUMANOS EN NOMINA I	f		
91	3	15617	17	2	ANALISTA DE RECUR. HUMANOS EN NOMINA II	f		
92	3	15618	19	2	ANALISTA DE RECURS.HUMANOS EN NOMINA III	f		
93	3	15619	21	2	ANALISTA DE RECUR.HUMANOS EN NOMINA IV	f		
94	3	15620	15	2	ANALISTA DE NOMINA I	f		
95	3	15621	17	2	ANALISTA DE NOMINA II	f		
96	3	15622	19	2	ANALISTA DE NOMINA III	f		
97	3	15623	21	2	ANALISTA DE NOMINA IV	f		
98	1	15624	23	2	JEFE DE NOMINA I	f		
99	1	15625	25	2	JEFE DE NOMINA II	f		
100	3	15630	16	2	ANALISTA CENTRAL PERSONAL EN ADTMTO.	f		
101	1	15640	25	2	ANALISTA CENTRAL DE PERSONAL JEFE	f		
102	1	15810	25	2	JEFE CENTRAL DE RECURSOS HUMANOS	f		
103	1	15820	24	2	JEFE SECTORIAL DE RECURSOS HUMANOS	f		
104	3	16111	18	2	COORD. DE DESARROLLO RECURSOS HUMANOS I	f		
105	3	16112	20	2	COORDINADOR DESARROLLO R.H.II	f		
106	3	16114	18	2	ANALISTA DE DESARROLLO DE REC. HUM.II	f		
107	3	16115	19	2	ANALISTA DESARROLLO RECUR. HUMAN.III	f		
108	3	16120	17	2	ANALISTA DE PERSONAL EN ADIESTRAMIENTO I	f		
109	3	16121	19	2	ANALISTA DE PERS. EN ADIESTRAMIENTO II	f		
110	3	16122	21	2	ANALISTA DE PERS. EN ADIESTRAMIENTO III	f		
111	3	16232	23	2	COORDINADOR DE ADIESTRAMIENTO	f		
112	4	17110	12	2	PROMOTOR DE CURSOS	f		
113	3	17122	17	2	INSTRUCTOR FORMACION COMERCIAL II	f		
114	3	17123	18	2	INSTRUCTOR FORMACION INDUSTRIAL III	f		
115	3	17232	21	2	COORDINADOR FORMACION EMPRESARIAL II	f		
116	3	17413	18	2	INSTRUCTOR DE FORMACION INDUSTRIAL III	f		
117	4	21110	6	2	AUXILIAR DE CONTABILIDAD	f		
118	4	21111	8	2	CONTABILISTA I	f		
119	4	21112	11	2	CONTABILISTA II	f		
120	4	21113	13	2	CONTABILISTA JEFE I	f		
121	3	21122	15	2	CONTABILISTA JEFE II	f		
122	4	21131	13	2	CONTADOR I	f		
123	3	21132	15	2	CONTADOR II	f		
124	3	21133	17	2	CONTADOR III	f		
125	3	21141	19	2	CONTADOR JEFE I	f		
126	3	21142	21	2	CONTADOR JEFE II	f		
127	4	21211	13	2	AUDITOR I	f		
128	3	21212	15	2	AUDITOR II	f		
129	3	21213	17	2	AUDITOR III	f		
130	3	21214	19	2	AUDITOR IV	f		
131	3	21221	20	2	AUDITOR JEFE I	f		
132	3	21222	22	2	AUDITOR JEFE II	f		
133	2	21223	24	2	AUDITOR JEFE III	f		
134	1	21224	25	2	AUDITOR JEFE IV	f		
135	1	21310	25	2	CONTRALOR INTERNO	f		
136	3	21311	19	2	INSPECTOR DE RENTAS I	f		
137	3	21312	15	2	AUDITOR INTEGRAL I	f		
138	3	21313	17	2	AUDITOR INTEGRAL II	f		
139	3	21314	19	2	AUDITOR INTEGRAL III	f		
140	3	21315	21	2	AUDITOR INTEGRAL IV	f		
141	2	21316	23	2	AUDITOR INTEGRAL JEFE	f		
142	1	21317	25	2	AUDITOR INTERNO	f		
143	3	21421	21	2	INSPECTOR ADMINISTRATIVO JEFE I	f		
144	3	21422	22	2	INSPECTOR ADMINISTRATIVO JEFE II	f		
145	4	21511	6	2	CAJERO I	f		
146	4	21512	8	2	CAJERO II	f		
147	4	21513	10	2	CAJERO III	f		
148	4	21514	12	2	CAJERO IV	f		
149	4	21521	13	2	CAJERO JEFE I	f		
150	3	21522	15	2	CAJERO JEFE II	f		
151	3	21523	17	2	CAJERO JEFE III	f		
152	3	21524	15	2	ASISTENTE DE TESORERIA	f		
153	4	21530	6	2	AUXILIAR DE HABILITADO	f		
154	4	21531	9	2	ASISTENTE DE HABILITADO I	f		
155	4	21532	11	2	ASISTENTE DE HABILITADO II	f		
156	4	21533	13	2	ASISTENTE DE HABILITADO III	f		
157	3	21550	21	2	HABILITADO JEFE	f		
158	4	21560	14	2	CAJERO I	f		
159	4	21561	16	2	CAJERO II	f		
160	3	21570	19	2	CAJERO JEFE	f		
161	4	21611	11	2	COBRADOR JEFE I	f		
162	4	21612	13	2	COBRADOR JEFE II	f		
163	3	21613	15	2	COBRADOR JEFE III	f		
164	4	22110	9	2	AUXILIAR DE ARCHIVO	f		
165	4	22121	11	2	ASISTENTE DE ARCHIVO I	f		
166	4	22122	13	2	ASISTENTE DE ARCHIVO II	f		
167	3	22123	16	2	ASISTENTE DE ARCHIVO III	f		
168	3	22131	17	2	ARCHIVOLOGO I	f		
169	3	22132	19	2	ARCHIVOLOGO II	f		
170	3	22133	21	2	ARCHIVOLOGO III	f		
171	2	22134	23	2	ARCHIVOLOGO IV	f		
172	1	22135	25	2	ARCHIVOLOGO JEFE	f		
173	3	22140	22	2	ANALISTA DE INFORMACION Y DOCUMENTACION	f		
174	3	22141	23	2	ANALISTA DE INFORM. Y DOCUMENTACION II	f		
175	4	22211	2	2	OFICINISTA I	f		
176	4	22212	6	2	OFICINISTA II	f		
177	4	22213	8	2	OFICINISTA III	f		
178	4	22221	10	2	SUPERVISOR DE OFICINA I	f		
179	4	22222	12	2	SUPERVISOR DE OFICINA II	f		
180	4	22231	2	2	RECEPCIONISTA I	f		
181	4	22232	4	2	RECEPCIONISTA II	f		
182	4	22233	6	2	RECEPCIONISTA III	f		
183	4	22235	6	2	RECEPCIONISTA-TELEFONISTA	f		
184	3	22312	17	2	TRADUCTOR II	f		
185	4	22411	14	2	SUPERVISOR DE SERVICIOS GENERALES I	f		
186	3	22412	16	2	SUPERVISOR DE SERVICIOS GENERALES II	f		
187	3	22413	18	2	SUPERVISOR DE SERVICIOS GENERALES III	f		
188	3	22414	20	2	SUPERVISOR DE SERVICIOS GENERALES IV	f		
189	2	22415	23	2	JEFE DE SERVICIOS GENERALES	f		
190	5	23111	2	2	OPERADOR DE MAQUINA DE REPRODUCION I	f		
191	5	23112	5	2	OPERADOR DE MAQUINA DE REPRODUCCION II	f		
192	5	23113	7	2	OPERADOR DE MAQUINA REPROD.III	f		
193	5	23114	8	2	OPERERADOR DE MAQUINA DE REPRODUCCION IV	f		
194	4	23115	10	2	OPERADOR DE MAQUINA ELECTRONICA	f		
195	4	23117	14	2	OPERADOR MAQUINA ELECTRONICA III	f		
196	4	23121	10	2	SUPERVISOR REPRODUCCION I	f		
197	4	23122	12	2	SUPERVISOR REPRODUCCION II	f		
198	4	23311	5	2	TRANSCRIPTOR DE DATOS I	f		
199	4	23312	7	2	TRANSCRIPTOR DE DATOS II	f		
200	4	23313	9	2	TRANSCRIPTOR DE DATOS III	f		
201	4	23314	11	2	TRANSCRIPTOR DE DATOS IV	f		
202	4	23320	13	2	SUPERVISOR DE TRANSCRIPTOR DE DATOS	f		
203	4	23331	10	2	OPERADOR DE EQUIPO DE COMPUTACION I	f		
204	4	23332	12	2	OPERADOR DE EQUIPO DE COMPUTACION II	f		
205	4	23333	14	2	OPERADOR DE EQUIPO DE COMPUTACION III	f		
206	3	23334	16	2	OPERADOR DE EQUIPO DE COMPUTACION IV	f		
207	3	23400	15	2	ASISTENTE DE ANALISTA DE SOPORTE TECNOLO	f		
208	4	23410	12	2	ASISTENTE DE PROGRAMACION	f		
209	3	23411	17	2	ANALISTA DE SOPORTE TECNOLOGICO I	f		
210	3	23412	19	2	ANALISTA DE SOPORTE TECNOLOGICO II	f		
211	3	23413	20	2	ANALISTA DE SOPORTE TECNOLOGICO III	f		
212	4	23421	14	2	PROGRAMADOR I	f		
213	3	23422	16	2	PROGRAMADOR II	f		
214	3	23423	18	2	PROGRAMADOR III	f		
215	3	23424	20	2	PROGRAMADOR IV	f		
216	3	23430	22	2	SUPERVISOR DE PROGRAMACION	f		
217	3	23433	20	2	ANALISTA DE SOPORTE TECNOLOGICO III	f		
218	3	23440	17	2	ANALISTA PROGRAMADOR	f		
219	3	23441	17	2	ANALISTA PROGRAMADOR I	f		
220	3	23442	19	2	ANALISTA PROGRAMADOR II	f		
221	3	23451	18	2	ANALISTA PROCESOS DE DATOS I	f		
222	3	23452	20	2	ANALISTA PROCESOS DE DATOS II	f		
223	3	23453	22	2	ANALISTA PROCESOS DE DATOS III	f		
224	3	23457	21	2	ANALISTA DE RELACIONES INTERNACIONAL III	f		
225	3	23461	21	2	JEFE DE INFORMATICA I	f		
226	2	23462	23	2	JEFE DE INFORMATICA II	f		
227	1	23463	25	2	JEFE DE INFORMATICA III	f		
228	3	23471	23	2	ESPECIALISTA EN INFORMATICA I	f		
229	1	23472	25	2	ESPECIALISTA EN INFORMATICA II	f		
230	3	23481	22	2	JEFE DE SOPORTE TECNOLOGICO I	f		
231	2	23482	23	2	JEFE DE SOPORTE TECNOLOGICO II	f		
232	4	24111	3	2	MECANOGRAFO I	f		
233	4	24112	5	2	MECANOGRAFO II	f		
234	4	24113	7	2	MECANOGRAFO III	f		
235	4	24114	9	2	MECANOGRAFO IV	f		
236	4	24311	12	2	SECRETARIO I	f		
237	4	24312	14	2	SECRETARIO II	f		
238	4	24313	16	2	SECRETARIO III	f		
239	3	24321	16	2	SECRETARIO BILINGUE I	f		
240	3	24322	18	2	SECRETARIO BILINGUE II	f		
241	3	24341	18	2	SECRETARIO EJECUTIVO I	f		
242	3	24342	20	2	SECRETARIO EJECUTIVO II	f		
243	3	24343	22	2	SECRETARIO EJECUTIVO III	f		
244	3	24344	23	2	SECRETARIO GERENCIAL	f		
245	4	24345	13	2	SECRETARIO ADMINISTRATIVO I	f		
246	3	24346	15	2	SECRETARIO ADMINISTRATIVA II	f		
247	3	24347	17	2	SECRETARIO ADMINISTRATIVO III	f		
248	1	24633	25	2	INGENIERO MECANICO JEFE II	f		
249	2	24693	23	2	INGENIERO MECANICO JEFE II	f		
250	4	25110	7	2	REGIST. AUXI.DE B. Y MATERIAS	f		
251	4	25111	9	2	REGIST. DE B. Y MATERIAS I	f		
252	4	25112	11	2	REGIST. DE B. Y MATERIAS II	f		
253	4	25121	13	2	REGIST. DE B. Y MATE. JEFE I	f		
254	3	25122	15	2	REGIST. DE B. Y MATE. JEFE II	f		
255	3	25123	17	2	REGIST. DE B. Y MATE. JEFE III	f		
256	3	25124	19	2	REGIST.DE B. Y MATE.JEFE IV	f		
257	3	25125	21	2	REG. BIENES MATERIALES JEFE V	f		
258	4	25211	5	2	AUXILIAR DE ALMACEN I	f		
259	4	25212	8	2	AUXILIAR DE ALMACEN II	f		
260	4	25221	10	2	ALMACENISTA I	f		
261	4	25222	12	2	ALMACENISTA II	f		
262	4	25231	14	2	ALMACENISTA JEFE I	f		
263	3	25232	16	2	ALMACENISTA JEFE II	f		
264	4	25310	8	2	AUXILIAR DE COMPRAS	f		
265	4	25311	10	2	COMPRADOR I	f		
266	4	25312	12	2	COMPRADOR II	f		
267	3	25313	15	2	COMPRADOR III	f		
268	3	25321	17	2	COMPRADOR JEFE I	f		
269	3	25322	19	2	COMPRADOR JEFE II	f		
270	3	25323	21	2	COMPRADOR JEFE III	f		
271	3	26000	16	2	COORD. DE SEGURIDAD Y OPERACIONES	f		
272	4	29901	13	2	ASISTENTE DE CONTABILIDAD II	f		
273	4	29910	9	2	AUXILIAR DE TESORERIA	f		
274	3	31121	17	2	EDITOR DE NOTICIAS I	f		
275	4	31210	9	2	INFORMADOR	f		
276	4	31219	9	2	ASISTENTE DE INFORMACION I	f		
277	4	31220	11	2	ASISTENTE DE INFORMACION II	f		
278	4	31221	13	2	ASIST. ESPEC. INFORM. I	f		
279	3	31222	15	2	ASIST. DE ESPEC. INFORM. II	f		
280	3	31223	16	2	ASISTENTE ESPECIALISTA INFORMACION III	f		
281	4	31224	13	2	ASISTENTE DE INFORMACION III	f		
282	3	31231	17	2	ESPECIALISTA EN INFORMACION I	f		
283	3	31232	19	2	ESPECIALISTA EN INFORMACION II	f		
284	3	31233	21	2	ESPECIALISTA EN INFORMACION III	f		
285	3	31234	22	2	ESPECIALISTA E INFORMACION IV	f		
286	4	31311	13	2	ASISTENTE DE COMUNI/SOCIAL I	f		
287	3	31312	15	2	ASISTENTE DE COMUNI/SOCIAL II	f		
288	3	31321	17	2	COMUNICADOR SOCIAL I	f		
289	3	31322	19	2	COMUNICADOR SOCIAL II	f		
290	3	31323	21	2	COMUNICADOR SOCIAL III	f		
291	2	31324	23	2	COMUNICADOR SOCIAL JEFE I	f		
292	3	31325	23	2	EDITOR	f		
293	1	31326	24	2	COMUNICADOR SOCIAL JEFE II	f		
294	1	31327	25	2	COMUNICADOR SOCIAL JEFE III	f		
295	3	31330	15	2	ASISTENTE RELACIONES PUBLICAS	f		
296	3	31341	17	2	JEFE DE RELACIONES PUBLICAS I	f		
297	3	31342	19	2	JEFE DE RELACIONES PUBLICAS II	f		
298	3	31343	21	2	JEFE DE RELACIONES PUBLICAS III	f		
299	2	31344	23	2	JEFE DE RELACIONES PUBLICAS IV	f		
300	1	31370	25	2	EDITOR JEFE	f		
301	3	31410	15	2	CORRECTOR DE ESTILO I	f		
302	3	31411	17	2	CORRECTOR DE ESTILO II	f		
303	3	31430	19	2	COORDINADOR DE ASUNTOS LITERARIOS	f		
304	4	32120	12	2	REALIZADOR DE ESCENOGRAFIA	f		
305	3	32125	15	2	JEFE DE ESCENOGRAFIA	f		
306	4	32221	8	2	OPERADOR DE CAMARA DE T.V. I	f		
307	4	32222	10	2	OPERADOR DE CAMARA DE T.V. II	f		
308	4	32230	12	2	OPERADOR DE AUDIO	f		
309	4	32231	13	2	OPERADOR DE AUDIO II	f		
310	4	32240	10	2	OPERADOR DE VIDEO	f		
311	4	32241	13	2	OPERADOR DE VIDEO II	f		
312	4	32250	13	2	OPERADOR DE MASTER DE TELEVISION	f		
313	4	32261	6	2	OPERADOR DE EQUIPO DE GRABACION I	f		
314	4	32262	8	2	OPERADOR DE EQUIPO DE GRABACION II	f		
315	4	32263	10	2	OPERADOR DE EQUIPO DE GRABACION III	f		
316	4	32264	12	2	SUPERVISOR DE EQUIPOS DE GRABACION I	f		
317	4	32265	14	2	SUPERVISOR EQUIPOS GRAB.II	f		
318	4	32271	6	2	OPERADOR DE MAQUINA PROYECTORA I	f		
319	4	32272	8	2	OPERADOR DE MAQUINA PROYECTORA II	f		
320	4	32310	13	2	CAMAROGRAFO	f		
321	4	32330	12	2	TECNICO EN SONIDO	f		
322	3	32331	15	2	TECNICO DE SONIDO II	f		
323	3	32421	15	2	COORD. ASUNTOS CINEMATOGRAFICO I	f		
324	4	33121	11	2	ASISTENTE DE PROTOCOLO I	f		
325	4	33122	13	2	ASISTENTE DE PROTOCOLO II	f		
326	4	33211	14	2	ASISTENTE DE CEREMONIAL I	f		
327	3	33212	16	2	ASISTENTE DE CEREMONIAL II	f		
328	3	33313	20	2	CAPELLAN III	f		
329	3	33314	23	2	CAPELLAN IV	f		
330	3	34110	15	2	ANALISTA DE ASUNTOS AUDIOVISUALES	f		
331	3	34111	17	2	ANALISTA DE ASUNTOS AUDIOVISUALES II	f		
332	3	34120	17	2	JEFE DE CENTRO AUDIOVISUAL	f		
333	3	34121	19	2	JEFE CENTRO AUDIOVISUAL II	f		
334	3	34122	22	2	JEFE DE CENTRO AUDIOVISUAL III	f		
335	4	34231	10	2	ENTRENADOR DEPORTIVO I	f		
336	4	34232	13	2	ENTRENADOR DEPORTIVO II	f		
337	3	34233	15	2	ENTRENADOR DEPORTIVO III	f		
338	3	34234	17	2	ENTRENADOR DEPORTIVO IV	f		
339	3	34235	19	2	ENTRENADOR DEPORTIVO V	f		
340	3	34236	21	2	ENTRENADOR DEPORTIVO VI	f		
341	3	34237	23	2	ENTRENADOR DEPORTIVO VII	f		
342	1	34238	25	2	COORDINADOR DE DEPORTE	f		
343	3	35112	15	2	ASISTENTE ASUNTOS LEGALES I	f		
344	3	35113	16	2	ASISTENTE ASUNTOS LEGALES II	f		
345	3	35121	17	2	ABOGADO I	f		
346	3	35122	19	2	ABOGADO II	f		
347	3	35123	21	2	ABOGADO III	f		
348	2	35125	23	2	ABOGADO JEFE	f		
349	1	35126	25	2	ABOGADO JEFE I	f		
350	4	36022	9	2	AUXILIAR DE ESTADISTICA II	f		
351	4	36121	11	2	ASISTENTE DE ESTADISTICA I	f		
352	4	36122	13	2	ASISTENTE DE ESTADISTICA II	f		
353	3	36123	15	2	ASISTENTE DE ESTADISTICA III	f		
354	3	36131	17	2	ESTADISTICO I	f		
355	3	36132	19	2	ESTADISTICO II	f		
356	3	36133	21	2	ESTADISTICO III	f		
357	3	36141	23	2	ESTADISTICO JEFE I	f		
358	2	36142	24	2	ESTADISTICO JEFE II	f		
359	3	36221	17	2	ECONOMISTA I	f		
360	3	36222	19	2	ECONOMISTA II	f		
361	3	36223	20	2	ECONOMISTA III	f		
362	3	36231	22	2	ECONOMISTA JEFE I	f		
363	3	36232	23	2	ECONOMISTA JEFE II	f		
364	2	36233	24	2	ECONOMISTA JEFE III	f		
365	1	36234	25	2	ECONOMISTA JEFE IV	f		
366	3	36321	17	2	PSICOLOGO I	f		
367	3	36322	19	2	PSICOLOGO II	f		
368	3	36323	21	2	PSICOLOGO III	f		
369	3	36324	22	2	PSICOLOGO IV	f		
370	2	36325	23	2	PSICOLOGO JEFE I	f		
371	1	36326	24	2	PSICOLOGO JEFE II	f		
372	3	36331	17	2	BIBLIOTECOLOGO I	f		
373	3	36421	17	2	SOCIOLOGO I	f		
374	3	36422	19	2	SOCIOLOGO II	f		
375	3	36511	17	2	GEOGRAFO I	f		
376	4	36610	9	2	AUXILIAR DE BIBLIOTECA	f		
377	4	36621	11	2	ASISTENTE DE BIBLIOTECA I	f		
378	3	36622	13	2	ASISTENTE DE BIBLIOTECA II	f		
379	3	36623	15	2	ASISTENTE DE BIBLIOTECA III	f		
380	3	36631	17	2	BIBLIOTECOLOGO I	f		
381	3	36632	19	2	BIBLIOTECOLOGO II	f		
382	3	36633	21	2	BIBLIOTECOLOGO III	f		
383	2	36634	23	2	BIBLIOTECOLOGO IV	f		
384	2	36635	24	2	BIBLIOTECOLOGO JEFE I	f		
385	1	36636	25	2	BIBLIOTECOLOGO JEFE II	f		
386	3	36811	17	2	INVESTIGADOR SOCIAL I	f		
387	3	36820	23	2	INVESTIGADOR SOCIAL JEFE	f		
388	3	37210	15	2	ASISTENTE DE MUSEOGRAFIA	f		
389	3	37431	21	2	CURADOR DE OBRAS I	f		
390	3	37432	23	2	CURADOR DE OBRAS II	f		
391	1	37433	25	2	CURADOR DE OBRAS III	f		
392	4	37510	12	2	ALMACENISTA DE MUSEO	f		
393	3	37921	17	2	PROMOTOR CULTURAL	f		
394	4	41130	13	2	PRACTICO DE VIVERO	f		
395	3	41210	17	2	INVESTIGADOR EN ADIESTRAMIENTO	f		
396	3	41211	19	2	INVESTIGADOR I	f		
397	3	41212	20	2	INVESTIGADOR II	f		
398	3	41213	21	2	INVESTIGADOR III	f		
399	3	41214	23	2	INVESTIGADOR IV	f		
400	2	41215	24	2	INVESTIGADOR V	f		
401	1	41520	25	2	ZOOTECNISTA JEFE	f		
402	4	41612	6	2	AUXILIAR DE BOTANICA II	f		
403	4	42450	13	2	TAXIDERMISTA	f		
404	4	42460	9	2	CRIADOR DE ANIMALES	f		
405	4	42511	12	2	ASISTENTE DE BIOLOGIA I	f		
406	3	42512	15	2	ASISTENTE DE BIOLOGIA II	f		
407	3	42522	19	2	BIOLOGO II	f		
408	3	42612	19	2	BIOLOGO II	f		
409	3	43150	21	2	TOPOGRAFO CARTOGRAFICO JEFE	f		
410	4	43411	13	2	ASISTENTE DE INGENIERIA I	f		
411	4	43412	14	2	ASISTENTE DE INGENIERIA II	f		
412	3	43413	16	2	ASISTENTE DE INGENIERIA III	f		
413	3	43414	17	2	ASISTENTE DE INGENIERIA IV	f		
414	3	43421	18	2	INGENIERO CIVIL I	f		
415	3	43422	19	2	INGENIERO CIVIL II	f		
416	3	43423	21	2	INGENIERO CIVIL III	f		
417	3	43431	22	2	INGENIERO CIVIL JEFE I	f		
418	1	43432	24	2	INGENIERO CIVIL JEFE II	f		
419	1	43433	25	2	INGENIERO CIVIL JEFE III	f		
420	4	43461	13	2	INSPECTOR DE O.ING. CIVIL I	f		
421	4	43462	14	2	INSPECTOR DE O.ING. CIVIL II	f		
422	3	43463	15	2	INSPECTOR DE O.ING. CIVIL III	f		
423	3	43464	16	2	INSP. DE OBRAS DE ING.CIVIL IV	f		
424	3	43531	18	2	ARQUITECTO I	f		
425	3	43532	19	2	ARQUITECTO II	f		
426	3	43533	21	2	ARQUITECTO III	f		
427	1	43539	24	2	ARQUITECTO JEFE II	f		
428	3	43541	22	2	ARQUITECTO JEFE I	f		
429	2	43542	24	2	ARQUITECTO JEFE II	f		
430	1	43543	25	2	ARQUITECTO JEFE III	f		
431	4	43711	4	2	AUXILIAR DE DIBUJO I	f		
432	4	43712	6	2	AUXILIAR DE DIBUJO II	f		
433	4	43718	10	2	DIBUJANTE ARTISTICO	f		
434	4	43721	9	2	DIBUJANTE I	f		
435	4	43722	12	2	DIBUJANTE II	f		
436	4	43723	13	2	DIBUJANTE III	f		
437	3	43724	15	2	DIBUJANTE IV	f		
438	3	43731	16	2	DIBUJANTE JEFE I	f		
439	3	43732	17	2	DIBUJANTE JEFE II	f		
440	4	43770	13	2	DIAGRAMADOR	f		
441	3	43771	15	2	DIAGRAMADOR II	f		
442	3	43775	15	2	DISEÑADOR GRAFICO	f		
443	3	43776	17	2	DISEÑADOR GRAFICO II	f		
444	3	43777	19	2	DISEÑADOR GRAFICO III	f		
445	3	43781	15	2	DIBUJANTE ILUSTRADOR I	f		
446	3	43782	17	2	DIBUJANTE ILUSTRADOR II	f		
447	3	43783	19	2	DIBUJANTE ILUSTRADOR III	f		
448	3	43790	21	2	DIBUJANTE ILUSTRADOR JEFE	f		
449	3	43800	15	2	ANIMADOR GRAFICO I	f		
450	3	43801	16	2	ANIMADOR GRAFICO II	f		
451	3	43802	18	2	ANIMADOR GRAFICO III	f		
452	3	43803	20	2	ANIMADOR GRAFICO JEFE I	f		
453	3	43804	22	2	ANIMADOR GRAFICO JEFE II	f		
454	3	43811	18	2	URBANISTA I	f		
455	3	43812	19	2	URBANISTA II	f		
456	3	43820	23	2	URBANISTA JEFE	f		
457	3	44713	15	2	TECNICO QUIMICO III	f		
458	3	44721	17	2	QUIMICO I	f		
459	3	44722	19	2	QUIMICO II	f		
460	3	44723	21	2	QUIMICO III	f		
461	3	44731	22	2	QUIMICO JEFE I	f		
462	2	44732	23	2	QUIMICO JEFE II	f		
463	4	45000	12	2	FOTOLITOGRAFO	f		
464	4	45111	3	2	AUXILIAR DE LABORATORIO I	f		
465	4	45112	5	2	AUXILIAR DE LABORATORIO II	f		
466	4	45121	10	2	LABORATORISTA I	f		
467	4	45122	13	2	LABORATORISTA II	f		
468	4	45123	14	2	LABORATORISTA III	f		
469	4	45124	15	2	LABORATORISTA IV	f		
470	4	45131	13	2	ASIST. DE INV. Y DOC. I	f		
471	3	45132	16	2	ASISTENTE DE LAB. DE INV. Y DOC II	f		
472	3	45133	18	2	ASISTENTE DE LAB DE INV Y DOC III	f		
473	4	45240	4	2	AUXILIAR DE FOTOGRAFIA	f		
474	4	45251	8	2	FOTOGRAFO I	f		
475	4	45252	12	2	FOTOGRAFO II	f		
476	3	45253	15	2	FOTOGRAFO III	f		
477	3	45260	16	2	FOTOGRAFO JEFE	f		
478	3	45261	18	2	FOTOGRAFO JEFE II	f		
479	3	45262	20	2	FOTOGRAFO JEFE III	f		
480	4	45271	9	2	LABORATORISTA FOTOGRAFICO I	f		
481	4	45272	11	2	LABORATORISTA FOTOGRAFICO II	f		
482	4	45341	13	2	MICROFILMADOR I	f		
483	3	45361	15	2	FOTOGRAFO LABORATORISTA DE INV. I	f		
484	3	45362	17	2	FOTOGRAFO LABORATORISTA DE INV. II	f		
485	3	45363	19	2	FOTOGRAFO LABORATORISTA DE INV. III	f		
486	3	45370	21	2	FOTOGRAFO LAB. DE INV. JEFE	f		
487	3	45421	21	2	SOPLADOR DE VIDRIO	f		
488	3	45611	17	2	BIOLOGO I	f		
489	3	46000	15	2	TECNICO EN COMPUTACION	f		
490	3	46001	16	2	TECNICO COMPUTACION II	f		
491	3	46002	15	2	TECNICO EN INFORMATICA I	f		
492	4	46111	11	2	TECNICO MECANICO  I	f		
493	4	46112	13	2	TECNICO MECANICO II	f		
494	4	46113	14	2	TECNICO MECANICO III	f		
495	3	46114	15	2	TECNICO MECANICO IV	f		
496	3	46115	17	2	TECNICO MECANICO V	f		
497	4	46121	11	2	TECNICO ELECTRICISTA I	f		
498	4	46122	13	2	TECNICO ELECTRICISTA II	f		
499	4	46123	14	2	TECNICO ELECTRICISTA III	f		
500	3	46124	15	2	TECNICO ELECTRICISTA IV	f		
501	4	46133	14	2	TECNICO ELECTRONICO III	f		
502	4	46211	11	2	TECNICO ELECTRONICO I	f		
503	4	46212	13	2	TECNICO ELECTRONICO II	f		
504	4	46213	14	2	TECNICO ELECTRONICO III	f		
505	3	46214	15	2	TECNICO ELECTRONICO IV	f		
506	3	46215	17	2	TECNICO ELECTRONICO V	f		
507	3	46216	19	2	TECNICO ELECTRONICO VI	f		
508	3	46217	21	2	TECNICO ELECTRONICO JEFE	f		
509	3	46231	15	2	TECNICO DE MTTO. EQUIPOS ELECTRONICOS I	f		
510	3	46232	17	2	TECNICO DE MTTO. EQUIPOS ELECTRONICOS II	f		
511	3	46233	19	2	TECNICO DE MTTO. EQUIPOS ELECTRONICO III	f		
512	3	46262	20	2	FOTOGRAFO JEFE III	f		
513	3	46311	18	2	INGENIERO MECANICO I	f		
514	3	46312	19	2	INGENIERO MECANICO II	f		
515	3	46313	21	2	INGENIERO MECANICO III	f		
516	3	46320	22	2	INGENIERO MECANICO JEFE I	f		
517	3	46511	18	2	INGENIERO ELECTRICISTA I	f		
518	3	46512	19	2	INGENIERO ELECTRICISTA II	f		
519	3	46513	21	2	INGENIERO ELECTRICISTA III	f		
520	3	46520	22	2	INGENIERO ELECTRICISTA JEFE	f		
521	3	46524	21	2	INGENIERO ELECTRONICO III	f		
522	3	46530	22	2	INGENIERO ELECTRONICO JEFE I	f		
523	2	46531	23	2	INGENIERO ELECTRONICO JEFE II	f		
524	1	46532	25	2	INGENIERO ELECTRONICO JEFE III	f		
525	3	46612	19	2	INGENIERO INDUSTRIAL II	f		
526	3	46613	21	2	INGENIERO INDUSTRIAL III	f		
527	3	46614	22	2	INGENIERO INDUSTRIAL JEFE I	f		
528	3	46615	23	2	INGENIERO INDUSTRIAL JEFE II	f		
529	1	46616	24	2	INGENIERO INDUSTRIAL JEFE III	f		
530	1	46617	25	2	INGENIERO INDUSTRIAL JEFE IV	f		
531	2	46708	24	2	INGENIERO INDUSTRIAL JEFE	f		
532	4	51411	7	2	OPER DE TELECOMUNICACIONES I	f		
533	4	51412	9	2	OPERADOR DE TELECOMUNICACIONES I	f		
534	4	51413	11	2	OPERADOR DE TELECOMUNICACIONES III	f		
535	4	51414	13	2	OPERERADOR DE TELECOMUNICACIONES IV	f		
536	4	51481	4	2	TELEFONISTA I	f		
537	4	51482	6	2	TELEFONISTA II	f		
538	4	51483	8	2	TELEFONISTA III	f		
539	4	51485	10	2	TELEFONISTA JEFE I	f		
540	3	51514	15	2	TECNICO EN TELECOMUNICACIONES	f		
541	4	52110	8	2	DESPACHADOR DE VEHICULO	f		
542	4	52141	10	2	JEFE DE TRANSP. AUTOMOTOR I	f		
543	4	52142	12	2	JEFE DE TRANSP. AUTOMOTOR II	f		
544	4	52143	14	2	JEFE DE TRANSP. AUTOMOTOR III	f		
545	3	52144	17	2	JEFE DE TRANSP. AUTOMOTOR IV	f		
546	4	61140	12	2	SUPERVISOR DE CARPINTEROS	f		
547	4	61141	14	2	SUPERVISOR DE CARPINTERIA II	f		
548	3	61142	16	2	SUPERVISOR DE CARPINTERIA III	f		
549	4	62121	10	2	SUPERVISOR DE MANTENIMIENTOS DE EDF.I	f		
550	4	62122	12	2	SUPERVISOR DE MANTENIMIENTOS DE EDIF.II	f		
551	4	62123	14	2	SUPERVISOR DE MANTENIMIENTO DE EDIF.III	f		
552	3	62124	16	2	SUPERVISOR DE MANTENIMIENTO DE EDIF.IV	f		
553	3	62125	18	2	SUPERVISOR DE MANTENIMIENTO EDIFICIOS V	f		
554	3	62126	20	2	SUPERVISOR DE MANTENIMIENTO EDIFICIO VI	f		
555	4	63121	12	2	SUPERV. DE TALLER DE IMP. I	f		
556	4	63122	14	2	SUPERV.DE TALLER DE IMP. II	f		
557	3	63123	16	2	SUPERV. DE TALLER DE IMP. III	f		
558	3	63124	18	2	SUPERV. DE TALLER IMPRENTA IV	f		
559	3	66142	16	2	SUPERVISOR DE CARPINTERIA III	f		
560	2	71130	24	2	DITISTA JEFE	f		
561	4	71331	13	2	ENFERMERA I	f		
562	4	71332	14	2	ENFERMERA II	f		
563	3	71333	15	2	ENFERMERA III	f		
564	3	71340	17	2	ENFERMERA JEFE I	f		
565	3	71341	16	2	ENFERMERA JEFE I	f		
566	3	71342	18	2	ENFERMERA JEFE II	f		
567	3	71343	19	2	ENFERMERA JEFE III	f		
568	3	71344	21	2	ENFERMERA JEFE IV	f		
569	3	73211	17	2	ODONTOLOGO I	f		
570	3	73212	19	2	ODONTOLOGO II	f		
571	3	73213	21	2	ODONTOLOGO III	f		
572	3	75131	18	2	MEDICO I	f		
573	3	75141	21	2	MEDICO JEFE I	f		
574	3	75142	22	2	MEDICO JEFE II	f		
575	3	75143	23	2	MEDICO JEFE III	f		
576	2	75144	24	2	MEDICO JEFE IV	f		
577	3	75311	19	2	MEDICO ESPECIALISTA I	f		
578	3	75312	21	2	MEDICO ESPECIALISTA II	f		
579	3	76307	17	2	TECNICO DE ZONA SANEAMIENTO AMBIENTAL II	f		
580	3	76310	23	2	JEFE DE ZONA DE SANEAMIENTO AMBIENTAL	f		
581	3	77121	17	2	DIETISTA I	f		
582	3	77122	19	2	DIETISTA II	f		
583	3	77123	21	2	DIETISTA III	f		
584	3	77124	23	2	DIETISTA IV	f		
585	2	77130	24	2	DIETISTA JEFE	f		
586	1	77131	25	2	DIETISTA JEFE II	f		
587	3	78200	13	2	ASISTENTE DE VETERINARIA I	f		
588	3	78201	15	2	ASISTENTE DE VETERINARIA II	f		
589	3	78202	17	2	ASISTENTE DE VETERINARIA III	f		
590	3	78203	19	2	ASISTENTE DE VETERINARIO IV	f		
591	4	79341	13	2	TECNICO TRABAJADOR SOCIAL I	f		
592	3	79342	15	2	TECNICO TRABAJADOR SOCIAL II	f		
593	3	79343	16	2	TECNICO TRABAJADOR SOCIAL III	f		
594	3	79351	17	2	TRABAJADOR SOCIAL I	f		
595	3	79352	19	2	TRABAJADOR SOCIAL II	f		
596	3	79353	21	2	TRABAJADOR SOCIAL III	f		
597	3	79354	22	2	TRABAJADOR SOCIAL IV	f		
598	2	79355	23	2	TRABAJADOR SOCIAL JEFE	f		
599	4	85011	12	2	INSPECTOR DE CONTROL DE PERDIDAS	f		
600	4	85012	13	2	INSPECTOR DE CONTROL DE PERDIDAS II	f		
601	4	85113	13	2	SUPERV. DE PROTECCION Y SEGURIDAD CCD I	f		
602	3	85114	15	2	SUPERV. DE PROTECCION Y SEGURIDAD CDD II	f		
603	3	85115	17	2	INSPECTOR DE PROTECCION Y SEGURIDAD CIUD	f		
604	3	85116	19	2	INSPECTOR DE PROTEC. Y SEG. CIUDADANA	f		
605	3	85117	21	2	JEFE PLANES OPERATIVOS EN SEGURIDAD CDNA	f		
606	2	85118	23	2	JEFE PLANES OPERAT. SEG. CIUDADANA II	f		
607	1	85119	25	2	JEFE PLANES OPER. SEG. CIUDADANA III	f		
608	3	85120	15	2	INSPECTOR DE PROT. Y SEG. CIUDADANA I	f		
609	3	85123	15	2	INSPECTOR DE SEGURIDAD INDUSTRIAL III	f		
610	3	86000	19	2	GESTOR DE DESECHOS	f		
611	3	88000	15	2	COORDINADOR ASUNTO CINEMATOGRAFICOS I	f		
612	3	88002	24	2	ASISTENTE ASESORIA JURIDICA	f		
613	4	88888	1	2	AYUDANTE ADMINISTRATIVO	f		
614	3	90500	19	2	ANALISTA DE CONTROL ACADEMICO	f		
615	3	90800	20	2	ASISTENTE DE CAMPO	f		
616	4	91100	10	2	ASISTENTE PLANIFICACION HORARIOS I	f		
617	4	91101	12	2	ASISTENTE PLANIFICACION HORARIOS II	f		
618	4	91102	14	2	ASISTENTE PLANIFICACION HORARIOS III	f		
619	3	91103	16	2	SUPERVISOR PLANIFICADOR HORARIOS	f		
620	4	91203	14	2	ASISTENTE DE CONTROL DE ESTUDIO III	f		
621	3	91205	16	2	SUPERVISOR DE CONTROL DE ESTUDIOS I	f		
622	3	91206	18	2	SUPERVISOR DE CONTROL DE ESTUDIOS II	f		
623	3	91340	21	2	ASESOR ANALISIS PRESUPUESTO	f		
624	3	91621	21	2	COORDINADOR DE FORMACION Y MEJORA	f		
625	4	91711	13	2	ASISTENTE DE FORMACION EMPRES.	f		
626	3	91800	23	2	COORDINADOR ENTRENAMIENTO	f		
627	3	92200	23	2	COORDINADOR TECNICO DE CALIDAD	f		
628	3	92311	19	2	SUPERVISOR CONTROL DE CALIDAD SIS	f		
629	3	92330	19	2	INGENIERO DE SISTEMA II	f		
630	3	92331	21	2	INGENIERO DE SISTEMA III	f		
631	3	92361	18	2	INGENIERO DE COMPUTACION I	f		
632	3	92362	19	2	INGENIERO DE COMPUTACION II	f		
633	4	92511	12	2	ASISTENTE DE VENTA	f		
634	4	92531	11	2	ASISTENTE DE COMPRAS I	f		
635	3	93000	15	2	ASISTENTE DE PRODUCCION	f		
636	3	93211	17	2	PRODUCTOR AUDIOVISUAL I	f		
637	3	93212	18	2	JEFE SECCION DE SONIDO	f		
638	3	93213	21	2	PRODUCTOR AUDIOVISUAL	f		
639	3	93220	15	2	PRODUCTOR DE MULTIMEDIA	f		
640	3	93410	15	2	TECNICO RECURSOS APRENDIZAJE	f		
641	3	93415	17	2	ANALISTA PROG CENTRAL CURSOS	f		
642	3	93424	18	2	SUPERVISOR DE ACTIVIDADES DEPO	f		
643	3	93521	19	2	ANALISTA DE ASUNTOS LEGALES	f		
644	3	93700	18	2	ADMINISTRADOR DE SISTEMAS I	f		
645	3	93701	19	2	ADMINISTRADOR DE SISTEMAS II	f		
646	3	93702	21	2	ADMINISTRADOR DE SISTEMAS III	f		
647	3	93703	23	2	ADMINISTRADOR DE SISTEMAS IV	f		
648	3	93711	21	2	JEFE OFIC.PATRIMONIO ARTISTICO	f		
649	3	93712	23	2	ADMINISTRADOR PATRIMONIO ARTISTICO I	f		
650	3	94000	15	2	ASISTENTE DE ADMINISTRADOR DE SISTEMA I	f		
651	3	94010	15	2	ADMINISTRADOR DE TRANSPORTE I	f		
652	3	94011	17	2	ADMINISTRADOR DE TRANSPORTE II	f		
653	3	94012	19	2	ADMINISTRADOR DE TRANSPORTE III	f		
654	3	94013	21	2	ADMINISTRADOR DE TRANSPORTE IV	f		
655	2	94014	23	2	ADMINISTRADOR DE TRANSPORTE JEFE	f		
656	3	94015	15	2	ASIST. DE HIGIENE Y SEGURIDAD INDUSTRIAL	f		
657	3	94019	15	2	ANALISTA DE PRESTACIONES SOCIALES I	f		
658	3	94020	17	2	ANALISTA DE PRESTACIONES SOCIALES II	f		
659	3	94030	17	2	ASISTENTE DE DEPARTAMENTO ACADEMICO I	f		
660	3	94031	19	2	ASISTENTE DE DEPARTAMENTO ACADEMICO II	f		
661	3	94032	21	2	ASISTENTE DE DEPARTAMENTO ACADEMICO III	f		
662	3	94033	23	2	ASISTENTE DE DEPARTAMENTO ACADEMICO IV	f		
663	4	94351	14	2	INSPECTOR DE OPERACIONES	f		
664	1	94360	25	2	CONTRALOR INTERNO	f		
665	4	94361	14	2	CONTROLADOR RUTAS TRANSP. COLECTIVO	f		
666	4	94371	14	2	OPERADOR DE FOTOCOMPOSICION	f		
667	4	94511	11	2	TECNICO DE LABORATORIO I	f		
668	4	94512	14	2	TECNICO DE LABORATORIO II	f		
669	3	94513	17	2	TECNICO DE LABORATORIO III	f		
670	3	94514	20	2	TECNICO DE LABORATORIO IV	f		
671	3	94515	22	2	TECNICO DE LABORATORIO V	f		
672	3	94520	18	2	INGENIERO DE SONIDO	f		
673	3	94543	21	2	SOPLADOR DE VIDRIO	f		
674	3	94592	15	2	TECNICO DE LABORATORIO II	f		
675	4	94611	10	2	MECANICO MANTENIMIENTO CALDERA	f		
676	4	94613	13	2	MECANICO MANTENIMIENTO CALDERAS II	f		
677	3	95000	17	2	SUPERVISOR RELACIONES PROTOCOLARES I	f		
678	3	95001	18	2	SUPERVISOR DE RELACIONES PROTOCOLARES II	f		
679	4	95097	10	2	ASISTENTE TECNICO ADMINISTRATIVO I	f		
680	4	95098	12	2	ASISTENTE TECNICO ADMINISTRATIVO II	f		
681	4	95099	14	2	ASISTENTE TECNICO ADMINISTRATIVO III	f		
682	3	95100	16	2	ASISTENTE TECNICO ADMINISTRATIVO IV	f		
683	3	95101	18	2	ASISTENTE TECNICO ADMINISTRATIVO V	f		
684	3	95102	20	2	ASISTENTE TECNICO ADMINISTRATIVO VI	f		
685	4	95103	14	2	ASISTENTE EMERGENCIAS PREHOSPITALARIA I	f		
686	3	95104	16	2	ASISTENTE EMERGENCIAS PREHOSPITALARIA II	f		
687	4	95197	10	2	ASIST. TECNICO ADMNISTRATIVO I	f		
688	3	95200	15	2	ASISTENTE SERVICIO GENERAL III	f		
689	3	95201	16	2	ASISTENTE SERVICIO GENERAL IV	f		
690	3	95700	15	2	ASISTENTE TECNICO MUSEO	f		
691	2	96004	24	2	COORD. DE PROYEC. DE GESTION DE INFOR. V	f		
692	3	96006	22	2	JEFE PROYECTOS DE SIST. DE INFOR. II	f		
693	4	96010	6	2	INSPECTOR DE RUTAS DE TRANSPORTE I	f		
694	3	96200	15	2	ASIST. DE SERVICIOS DE MANTT. III	f		
695	4	96211	11	2	TECNICO DE MANTENIMIENTO I	f		
696	4	96212	14	2	TECNICO DE MANTENIMIENTO II	f		
697	3	96213	17	2	TECNICO DE MANTENIMIENTO III	f		
698	3	96214	20	2	TECNICO DE MANTENIMIENTO IV	f		
699	3	96215	21	2	TECNICO DE MANTENIMIENTO V	f		
700	4	96311	14	2	OPERADOR DE COMPOSICION I	f		
701	3	96312	16	2	OPERADOR DE COMPOSICION II	f		
702	3	96313	21	2	ESPECIALISTA DE ESTILO	f		
703	4	96331	9	2	MONTADOR EN FRIO I	f		
704	4	96332	11	2	MONTADOR EN FRIO II	f		
705	3	96500	22	2	ASIST.EJECUT.DEL CONSEJO DIRECT.UNIVERS.	f		
706	3	96501	23	2	ASIST. EJEC. DEL DIRECTIVO 11	f		
707	4	96800	12	2	COORD. DE SIST. DE MANT. DE EQUIPOS	f		
708	3	97000	18	2	INGENIERO ELECTRONICO I	f		
709	3	97001	19	2	INGENIERO ELECTRONICO II	f		
710	3	97002	21	2	INGENIERO ELECTRONICO III	f		
711	3	97011	19	2	ING. MANTENIMIENTO ELECTRONICO	f		
712	4	97200	13	2	ASIST. DE INVEST. EN ANALISIS AMBIENTAL	f		
713	3	97300	15	2	ASISTENTE DE INVEST. II	f		
714	4	97500	5	2	OPERADOR AUXILIAR DE COMPOSICION	f		
715	3	98000	21	2	JEFE TECN.DE PROMOCION INDUSTRIAL	f		
716	2	98100	23	2	TRABAJADOR SOCIAL JEFE I	f		
717	2	98101	25	2	TRABAJADOR SOCIAL JEFE II	f		
718	3	99100	21	2	COORDINADOR DE PRODUCCION EDITORIAL	f		
719	3	99111	17	2	DIRECTOR GRUPO INSTRUMENTAL	f		
720	3	99112	18	2	DIRECTOR TALLERES AUDI.MUSICAL	f		
721	3	99113	17	2	DIRECTOR DEL GRUPO VOCAL	f		
722	3	99191	19	2	DIRECTOR GRUPO INSTRUMENTAL	f		
723	3	99193	19	2	DIRECTOR DEL GRUPO VOCAL	f		
724	3	99211	17	2	DIRECTOR DE CORAL I	f		
725	3	99212	19	2	DIRECTOR DE CORAL II	f		
726	3	99213	22	2	DIRECTOR DE CORAL III	f		
727	3	99223	19	2	DIRECTOR GRUPO CRIOLLO	f		
728	3	99224	19	2	DIRECTOR AGRUPACION DE MUSICA DE CAMARA	f		
729	3	99225	19	2	DIRECTOR DE CANTO	f		
730	3	99233	20	2	MAESTRA DE VOCALIZACION	f		
731	3	99243	22	2	DIRECTOR DE LA CANTORIA	f		
732	4	99301	11	2	DIRECTOR DE DANZA	f		
733	3	99311	15	2	DIRECTOR CENTRO DE DANZAS	f		
734	3	99391	19	2	DIRECTOR DE DANZA	f		
735	3	99413	19	2	DIRECTOR DE TEATRO	f		
736	3	99420	17	2	DIRECTOR DE ESTUDIANTINA	f		
737	3	99430	20	2	ASISTENTE TECNICO A LA COORDINACION	f		
738	3	99431	17	2	ASISTENTE DE COORDINACION I	f		
739	3	99432	19	2	ASISTENTE DE COORDINACION II	f		
740	3	99433	21	2	ASISTENTE DE COORDINACION III	f		
741	3	99434	23	2	ASISTENTE DE COORDINACION IV	f		
742	4	99444	9	2	OPERADOR DE DIAGRAMACION I	f		
743	3	99452	15	2	ANALISTA ASUNTOS ADUANALES I	f		
744	3	99453	17	2	ANALISTA DE ASUNTOS ADUANALES II	f		
745	3	99454	19	2	ANALISTA  DE ASUNTOS ADUANALES III	f		
746	3	99455	22	2	COORD. DE ASUNTOS ADUANALES I	f		
747	4	99490	13	2	ASISTENTE DE PROMOTOR CULTURAL	f		
748	3	99500	17	2	PROMOTOR CULTURAL I	f		
749	3	99501	19	2	PROMOTOR CULTURAL II	f		
750	3	99502	21	2	PROMOTOR CULTURAL III	f		
751	1	99800	24	2	JEFE OFICINA DE PRENSA	f		
752	1	99850	25	2	JEFE ENCARGADO DEL DPTO. DE MANTENIMIENT	f		
753	1	99851	25	2	JEFE ENCARGADO DEL DPTO. DE PROYECTOS	f		
754	3	99852	25	2	ASIST. ENCARGADO DECANATO EST. GENERALES	f		
755	4	99900	14	2	ASIST. MEDIOS AUDIOVISUALES I	f		
756	4	99901	14	2	ASISTENTE MEDIOS AUDIOVISUALES II	f		
757	3	99902	17	2	ASISTENTE MEDIOS AUDIOVISUALES III	f		
758	3	99910	15	2	ASIST. ESPECIALISTA ASUNTOS AUDIO-VISUAL	f		
759	3	99911	17	2	ESPECIALISTA ASUNTO AUDIOVISUALES I	f		
760	3	99912	19	2	ESPECIALISTA ASUNTO AUDIOVISUALES II	f		
761	3	99913	21	2	ESPECIALISTA ASUNTOS AUDIOVISUALES III	f		
762	3	99920	19	2	DIRECTOR DE ESTUDIANTINA	f		
763	4	99970	6	2	OPERADOR DE EQUIPOS AUDIOVISUALES I	f		
764	4	99971	8	2	OPERADOR DE EQUIPOS AUDIOVISUALES II	f		
765	4	99972	10	2	OPERADOR DE EQUIPOS AUDIOVISUALES III	f		
766	4	99973	12	2	OPERADOR DE EQUIPOS AUDIOVISUALES IV	f		
767	4	99974	10	2	OPERADOR DE EQUIPOS MULTIMEDIA I	f		
768	4	99975	12	2	OPERADOR DE EQUIPOS MULTIMEDIA II	f		
769	4	99976	14	2	OPERADOR DE EQUIPOS MULTIMEDIA III	f		
770	3	99977	16	2	OPERADOR DE EQUIPOS MULTIMEDIA IV	f		
771	4	99979	13	2	ASIST. EDICION ASUNTOS AUDIOVISUALES	f		
772	3	99980	15	2	EDITOR DE ASUNTOS AUDIOVISUALES I	f		
773	3	99981	17	2	EDITOR DE ASUNTOS AUDIOVISUALES II	f		
774	3	99982	19	2	EDITOR DE ASUNTOS AUDIOVISUALES III	f		
775	1	99990	25	2	ASESOR	f		
776	3	99998	16	2	JEFE DE LA SECCION DE GRUPOS ESTABLES	f		
777	5	1031	4	3	AUXILIAR DE ZOOTECNIA	f		
778	5	1051	7	3	SUPERVISOR DE FINCAS	f		
779	5	2011	3	3	ALMACENISTA	f		
780	5	2021	7	3	SUPERVISOR DE ALMACEN	f		
781	5	3011	3	3	AYUDANTE DE MANTENIMIENTO	f		
782	5	3041	4	3	PINTOR	f		
783	5	3051	4	3	AUXILIAR DE MANTENIMIENTO	f		
784	5	3071	4	3	LAQUEADOR	f		
785	5	3091	5	3	ALBAÑIL	f		
786	5	3101	5	3	PLOMERO	f		
787	5	3111	5	3	CARPINTERO	f		
788	5	3121	5	3	AUXILIAR DE MTTO. EQ. SONIDO-AUDIOV.Y E	f		
789	5	3131	6	3	HERRERO SOLDADOR	f		
790	5	3141	6	3	AUXILIAR DE TELEFONIA	f		
791	5	3151	6	3	MECANICO DE REFRIGERACION	f		
792	5	3161	6	3	ELECTRICISTA	f		
793	5	3191	7	3	SUPERVISOR DE MANTENIMIENTO	f		
794	5	4011	2	3	OPERADOR DE EQUIPO REPRODUCION	f		
795	5	4021	2	3	OPERARIO GRAFICO	f		
796	5	4031	3	3	AUXILIAR GRAFICO	f		
797	5	4051	3	3	ENCUADERNADOR	f		
798	5	4121	7	3	SUPERVISOR DE TALLER DE IMPRENTA	f		
799	5	5031	4	3	AUXILIAR DE LABORATORIO	f		
800	5	6011	5	3	AUXILIAR DE ENFERMERA	f		
801	5	7011	2	3	AYUDANTE DE COCINA	f		
802	5	7041	5	3	COCINERO	f		
803	5	7051	7	3	SUPERVISOR DE COCINA	f		
804	5	8011	1	3	PORTERO	f		
805	5	8021	1	3	ASEADOR	f		
806	5	8031	1	3	RECEPTOR Y GUIA DE BIBLIOTECA	f		
807	5	8081	2	3	MENSAJERO INTERNO	f		
808	5	8101	2	3	AYUDANTE DE SERVICIOS	f		
809	5	8102	4	3	AUXILIAR DE SERVICIOS	f		
810	5	8111	3	3	MENSAJERO EXTERNO	f		
811	5	8131	3	3	RECEPTOR DE CORRESPONDENCIA	f		
812	5	8151	4	3	JARDINERO	f		
813	5	8171	7	3	SUPERVISOR DE SERVICIOS	f		
814	5	9031	3	3	DESPACHADOR DE VEHICULO	f		
815	5	9071	5	3	TRACTORISTA AGRICOLA	f		
816	5	9081	5	3	CHOFER	f		
817	5	9111	7	3	SUPERVISOR DE TRANSPORTE Y MECANICA AUTO	f		
818	5	9999	5	3	AYUDANTE DE OFICINA	f		
819	5	10011	4	3	VIGILANTE	f		
820	5	10021	7	3	SUPERVISOR DE VIGILANCIA	f		
821	5	10107	7	3	ALBAÑIL DE PRIMERA	f		
822	5	10205	5	3	ALBAÑIL DE SEGUNDA	f		
823	5	10302	2	3	ALBAÑIL DE TERCERA	f		
824	5	10405	5	3	ALMACENERO	f		
825	5	10501	2	3	AYUDANTE DE BIBLIOTECA	f		
826	5	10601	2	3	AYUDANTE DE CAVA	f		
827	5	10602	2	3	AYUDANTE DE CAMION O CAVA	f		
828	5	10603	2	3	AYUDANTE DE CAMION O CARGA	f		
829	5	10701	2	3	AYUDANTE DE DEPOSITARIO	f		
830	5	10805	5	3	AYUDANTE DE DIAGRAMACION Y MONTAJE	f		
831	5	10901	2	3	AYUDANTE DE LABORATORIO	f		
832	5	10922	4	3	AYUDANTE LOGISTICA DE LABORATORIO II	f		
833	5	11001	1	3	AYUDANTE DE LOGISTICA I	f		
834	5	11002	2	3	AYUDANTE DE LOGISTICA	f		
835	5	11003	2	3	AYUDANTE DE LOGISTICA DE 2DA.	f		
836	5	11004	4	3	AYUDANTE DE LOGISTICA DE 1ERA.	f		
837	5	11103	3	3	AYUDANTE DE MANTENIMIENTO EN GENERAL	f		
838	5	11104	3	3	AYUDANTE DE MANTENIMIENTO	f		
839	5	11105	3	3	AYUDANTE DE TELEFONOS	f		
840	5	11106	4	3	AYUDANTE DE MANTENIMIENTO II	f		
841	5	11107	5	3	AYUDANTE DE MANTENIMIENTO III	f		
842	5	11112	4	3	AYUDANTE AGROPECUARIO II	f		
843	5	11201	2	3	CAMARERA	f		
844	5	11251	3	3	CAPATAZ DE VIGILANCIA	f		
845	5	11302	2	3	CARPINTERO DE TERCERA	f		
846	5	11405	5	3	CARPINTERO DE SEGUNDA	f		
847	5	11507	7	3	CARPINTERO DE PRIMERA	f		
848	5	11551	2	3	AYUD.CENTRO INF.Y COMP.	f		
849	5	11604	4	3	CHOFER DE SEGUNDA	f		
850	5	11705	5	3	CHOFER DE PRIMERA	f		
851	5	11803	3	3	COMPRADOR	f		
852	5	11851	3	3	COMPAGINADOR	f		
853	5	11901	2	3	COCINERO DE SEGUNDA	f		
854	5	12003	3	3	COCINERO DE PRIMERA	f		
855	5	12101	4	3	AYUDANTE DE ENFERMERIA	f		
856	5	12102	2	3	CUIDADOR DE ANIMALES	f		
857	5	12202	2	3	DEPOSITARIO	f		
858	5	12302	2	3	ELECTRICISTA DE TERCERA	f		
859	5	12405	5	3	ELECTRICISTA DE SEGUNDA	f		
860	5	12507	7	3	ELECTRICISTA DE PRIMERA	f		
861	5	20103	3	3	ENCUADERNADOR I	f		
862	5	20203	3	3	FOTOCOPIADOR	f		
863	5	20303	3	3	GUARDA TANQUE	f		
864	5	20402	2	3	HERRERO LATONERO DE SEGUNDA	f		
865	5	20504	4	3	HERRERO LATONERO DE PRIMERA	f		
866	5	20601	1	3	JARDINERO DE TERCERA	f		
867	5	20702	2	3	JARDINERO DE SEGUNDA	f		
868	5	20803	3	3	JARDINERO DE PRIMERA	f		
869	5	20901	2	3	MENSAJERO	f		
870	5	20902	2	3	MENSAJERO INTERNO	f		
871	5	20903	3	3	MENSAJERO MOTORIZADO	f		
872	5	21101	5	3	MONTADOR DE NEGATIVOS	f		
873	5	21102	6	3	MONTADOR DE NEGATIVOS I	f		
874	5	21203	1	3	OBRERO GENERAL	f		
875	5	21220	2	3	OBRERO DE LOGISTICA	f		
876	5	21304	3	3	OBRERO DE MANTENIMIENTO DE TELEFONOS	f		
877	5	21401	4	3	OPERARIO DE MAQUINA MULTILITH	f		
878	5	21402	4	3	OPERADOR DE MAQUINA MATRICERA	f		
879	5	21503	1	3	PINTOR DE TERCERA	f		
880	5	21602	3	3	PINTOR LAQUEADOR SEGUNDA	f		
881	5	21604	3	3	PINTOR DE SEGUNDA	f		
882	5	21701	7	3	PINTOR LAQUEADOR PRIMERA	f		
883	5	21702	4	3	PINTOR DE PRIMERA	f		
884	5	21804	2	3	PLOMERO DE TERCERA	f		
885	5	21907	4	3	PLOMERO DE SEGUNDA	f		
886	5	22003	7	3	PLOMERO DE PRIMERA	f		
887	5	22104	3	3	PORTERO	f		
888	5	22105	2	3	RECEPTOR DE BULTOS	f		
889	5	22205	4	3	RECEPTOR DE CORRESPONDENCIA	f		
890	5	22305	5	3	RECEPTOR DE OFICINA I	f		
891	5	22405	5	3	RESPONSABLE DE MANTENIMIENTO DE EDIFICIO	f		
892	5	22502	5	3	RETOCADOR PLANCHISTA	f		
893	5	22605	2	3	SOLDADOR DE TERCERA	f		
894	5	22707	5	3	SOLDADOR DE SEGUNDA	f		
895	5	22807	7	3	SOLDADOR DE PRIMERA	f		
896	5	22908	7	3	SUPERVISOR DE VIGILANCIA DE TERCERA	f		
897	5	23009	8	3	SUPERVISOR DE VIGILANCIA DE SEGUNDA	f		
898	2	23100	15	3	SUPERV.GENERAL DE SERV.	f		
899	5	23101	11	3	SUPERV.PTA.FISICA DE 1R.	f		
900	5	23102	10	3	SUPERVISOR DE SERVICIOS II	f		
901	5	23203	2	3	VIGILANTE DE SEGUNDA	f		
902	5	23204	3	3	VIGILANTE DE PRIMERA (CAPATAZ DE VIGIL.)	f		
903	5	30840	5	3	CHOFER I	f		
904	5	30841	6	3	CHOFER II	f		
905	5	30842	7	3	CHOFER III	f		
906	5	30942	5	3	OBRERO MANTENIMIENTO DE TELEFONOS III	f		
907	5	31813	7	3	PLOMERO III	f		
908	5	41121	4	3	VIGILANTE MOTORIZADO	f		
909	5	52801	7	3	RECEPTOR DE OFICINA II	f		
910	5	88888	3	3	OBRERO XXX	f		
911	5	9999	5	4	AYUDANTE DE OFICINA	f		
912	3	36322	19	4	PSICOLOGO II	f		
913	3	77121	17	4	DIETISTA I	f		
914	0	123	\N	\N	Cargo de Prueba 1	f	Descripción para el cargo de prueba tipo 1	Funciones del cargo de prueba tipo 1
915	0	124	\N	\N	Cargo de Prueba 2	f	Descripción del cargo de prueba tipo 2	Funciones del cargo de prueba tipo 2
916	0	200	\N	\N	Cargo de Prueba 3	f	Descripción del cargo de prueba tipo 3	Funciones del cargo de prueba tipo 3
\.


--
-- Name: cargo_id_seq; Type: SEQUENCE SET; Schema: public; Owner: root
--

SELECT pg_catalog.setval('cargo_id_seq', 916, true);


--
-- Data for Name: correo; Type: TABLE DATA; Schema: public; Owner: root
--

COPY correo (id_per, destino, asunto, mensaje) FROM stdin;
\.


--
-- Data for Name: encuesta; Type: TABLE DATA; Schema: public; Owner: root
--

COPY encuesta (id, id_encuesta_ls, id_fam, id_unidad, estado, actual) FROM stdin;
5	576144	4	6203	t	t
\.


--
-- Name: encuesta_id_seq; Type: SEQUENCE SET; Schema: public; Owner: root
--

SELECT pg_catalog.setval('encuesta_id_seq', 6, true);


--
-- Data for Name: error; Type: TABLE DATA; Schema: public; Owner: root
--

COPY error (id_error, mensaje) FROM stdin;
\.


--
-- Name: error_id_error_seq; Type: SEQUENCE SET; Schema: public; Owner: root
--

SELECT pg_catalog.setval('error_id_error_seq', 1, false);


--
-- Data for Name: evaluacion; Type: TABLE DATA; Schema: public; Owner: root
--

COPY evaluacion (id, periodo, fecha_ini, fecha_fin, actual) FROM stdin;
50	Diciembre 2013	08-12-2013	22-12-2013	t
\.


--
-- Name: evaluacion_id_seq; Type: SEQUENCE SET; Schema: public; Owner: root
--

SELECT pg_catalog.setval('evaluacion_id_seq', 50, true);


--
-- Data for Name: familia_cargo; Type: TABLE DATA; Schema: public; Owner: root
--

COPY familia_cargo (id, nombre, descripcion) FROM stdin;
0	Sin asignar	
1	GERENCIAL	
2	SUPERVISORIO	
3	ADMINISTRATIVO PROFESIONAL	
4	ADMINISTRATIVO NO PROFESIONAL	
5	OBREROS	
\.


--
-- Name: familia_cargo_id_seq; Type: SEQUENCE SET; Schema: public; Owner: root
--

SELECT pg_catalog.setval('familia_cargo_id_seq', 5, true);


--
-- Data for Name: familia_rol; Type: TABLE DATA; Schema: public; Owner: root
--

COPY familia_rol (id, nombre, descripcion) FROM stdin;
0	Sin asignar	
\.


--
-- Name: familia_rol_id_seq; Type: SEQUENCE SET; Schema: public; Owner: root
--

SELECT pg_catalog.setval('familia_rol_id_seq', 1, false);


--
-- Data for Name: jefe; Type: TABLE DATA; Schema: public; Owner: root
--

COPY jefe (id_per, id_jef) FROM stdin;
\.


--
-- Data for Name: organizacion; Type: TABLE DATA; Schema: public; Owner: root
--

COPY organizacion (id, idsup, nombre, codigo, descripcion, observacion) FROM stdin;
0	0	Sin asignar	0		
3000	0	 COMISION ELECTORAL	3000		
4000	0	 Rectorado	4000		
4001	4000	 Programas Especiales	4001		
4010	4000	 Asesoria Juridica	4010		
4020	4000	 Direccion Cooperacion y Relac. Interinstituc.	4020		
4021	4000	 Unidad de Programas Especiales	4021		
4022	4000	 Oficina de Relaciones Publicas	4022		
4023	4000	 Oficina de Relaciones Internacionales	4023		
4025	4000	 Oficina de Prensa	4025		
4030	4000	 Comision de Planificacion	4030		
4031	4000	 Oficina de Ingenieria	4031		
4040	4000	 Programa de Educacion Continua	4040		
4041	4000	 Programa PAYS	4041		
4042	4000	 FUNINDES	4042		
4043	4000	 ARTEVISION	4043		
4050	4000	 Unidad de Auditoria Interna	4050		
4060	4000	 Direccion De Desarrollo Estudiantil	4060		
4061	4000	 Seccion de Deportes	4061		
4070	4000	 Direccion de Relaciones Internacionales	4070		
4072	4000	 Dpto. de Soporte Software	4072		
4080	4000	 Direccion de Cultura	4080		
4090	4000	 Comision Clasificadora	4090		
5000	0	 Vice-Rectorado Administrativo	5000		
5010	5000	 Direccion de Finanzas	5010		
5011	5000	 Dpto. de Contabilidad	5011		
5012	5000	 Oficina de Presupuesto	5012		
5013	5000	 Dpto. de Tesoreria	5013		
5014	5000	 Dpto. de Registro y Control Financiero	5014		
5015	5000	 Dpto. de Bienes Nacionales	5015		
5020	5000	 Direccion de Gestion de Capital Humano	5020		
5021	5000	 Dpto. de Admon. y Desarrollo de Personal	5021		
5022	5000	 Unidad de Informacion de RRHH	5022		
5023	5000	 Dpto. de Registro y Ordenamiento de Pagos	5023		
5024	5000	 Unidad de Enlace para Asuntos Academicos	5024		
5025	5000	 Departamento de Relaciones Laborales	5025		
5026	5000	 Unidad de Admon. de Recursos Presupuestarios	5026		
5030	5000	 Direccion de Servicios	5030		
5031	5000	 Dpto. de Compras y Suministros	5031		
5032	5000	 Dpto. de Servicios Generales	5032		
5033	5000	 Dpto. de Produccion de Impresos	5033		
5034	5000	 Servicio de Comedores	5034		
5039	5000	 Apoyo Logistico	5039		
5040	5000	 Oficina de Organizacion y Sistemas	5040		
5050	5000	 Nomina de Jubilados	5050		
5060	5000	 Nomina de Pensionados	5060		
5070	5000	 Direccion de Planta Fisica	5070		
5071	5000	 Dpto. de Mantenimiento	5071		
5072	5000	 Dpto. de Proyectos	5072		
5073	5000	 Dpto. de Planeacion	5073		
5080	5000	 Direccion de Seguridad Integral	5080		
6000	0	 Vice-Rectorado Academico	6000		
6100	6000	 Decanato de Estudios Generales	6100		
6101	6100	 Coord. de Estudios Generales y 1er. AÑO	6101		
6200	6000	 Decanato de Estudios Profesionales	6200		
6201	6200	 Coord. de Arquitectura	6201		
6202	6200	 Coord. de Biologia	6202		
6203	6200	 Coord. de Cursos en Cooperac. con la Industria	6203		
6204	6200	 Coord. de Estudios a Distancia en Lic. Docente	6204		
6205	6200	 Coord. de Fisica	6205		
6206	6200	 Coord. de Ingenieria de la Computacion	6206		
6207	6200	 Coord. de Ingenieria de Materiales	6207		
6208	6200	 Coord. de Ingenieria Electrica	6208		
6209	6200	 Coord. de Ingenieria Electronica	6209		
6210	6200	 Coord. de Ingenieria Mecanica	6210		
6211	6200	 Coord. de Ingenieria Quimica	6211		
6212	6200	 Coord. de Matematicas	6212		
6213	6200	 Coord. de Quimica	6213		
6214	6200	 Coord. de Urbanismo	6214		
6215	6200	 Coord. de Ingenieria Geofisica	6215		
6216	6200	 Coord. de Ingenieria de la Produccion	6216		
6300	6000	 Decanato de Estudios de Postgrado	6300		
6301	6300	 Coord. de Ciencias de Los Alimentos	6301		
6302	6300	 Coord. de Ciencias Politicas	6302		
6303	6300	 Coord. de Estudio de La Informacion	6303		
6304	6300	 Coord. de Filosofia	6304		
6305	6300	 Coord. de Gerencia de La Energia	6305		
6306	6300	 Coord. de Ingenieria Civil	6306		
6307	6300	 Coord. de Ingenieria Emp. y de Sistemas	6307		
6308	6300	 Coord. de Literatura Latin y Contemp.	6308		
6309	6300	 Coord. de Planif. e Ing. de Recursos Hidraulicos	6309		
6310	6300	 Coord. de Psicologia	6310		
6311	6300	 Coord. de Transporte Urbano	6311		
6312	6300	 Coord. de Ingenieria de Sistemas	6312		
6313	6300	 Coord. Desarrollo del Ambiente	6313		
6314	6300	 Coord. Linguistica Aplicada	6314		
6315	6300	 Coord. Ingenieria Mecanica	6315		
6316	6300	 Coord. de Maestria en Musica	6316		
6317	6300	 Coord. de Estudios Interdisciplinarios	6317		
6400	6000	 Decanato de Investigaciones	6400		
6401	6400	 Fondo del Decanato de Investigaciones	6401		
6475	6400	 Secret. Tec. Admtva. de Inst. de Invest.	6475		
6500	6000	 Division de Fisica y Matematicas	6500		
6501	6500	 Dpto. de Matematicas Puras y Aplicadas	6501		
6502	6500	 Dpto. de Fisica	6502		
6503	6500	 Dpto. de Quimica	6503		
6504	6500	 Dpto. de Mecanica	6504		
6505	6500	 Dpto. de Termodinamica y Fenomenos de Transfe.	6505		
6506	6500	 Dpto. de Electronica y Circuitos	6506		
6507	6500	 Dpto. de Conversion y Transporte de Energia	6507		
6508	6500	 Dpto. de Procesos y Sistemas	6508		
6509	6500	 Dpto. de Ciencia de los Materiales	6509		
6510	6500	 Dpto. Computacion y Tecnologia de la Inform.	6510		
6511	6500	 Dpto. de Ciencias de la Tierra	6511		
6512	6500	 Dpto. de Computo Cientifico y Estadistico	6512		
6551	6500	 Instituto de Energia	6551		
6552	6500	 Instituto de Estudios Regionales y Urbanos	6552		
6553	6500	 Instituto de Investigacion y Desarrollo Industrial	6553		
6554	6500	 Instituto de Metalurgia	6554		
6600	6000	 Unidad de Laboratorios	6600		
6601	6600	 Laboratorio de Mecanica    "A",	6601		
6602	6600	 Laboratorio de Quimica     "B",	6602		
6603	6600	 Laboratorio de Electronica "C",	6603		
6604	6600	 Laboratorio de Fisica      "D",	6604		
6605	6600	 Laboratorio de Procesos de Manufactura "E",	6605		
6606	6600	 Laboratorio de Tecnologia de Informacion "F",	6606		
6700	6000	 Division de Ciencias Sociales y Humanidades	6700		
6701	6700	 Dpto. de Ciencias Sociales	6701		
6702	6700	 Dpto. de Lengua y Literatura	6702		
6703	6700	 Dpto. de Ciencias Economicas y Admtvas.	6703		
6704	6700	 Dpto. de Filosofia	6704		
6705	6700	 Dpto. de Idiomas	6705		
6706	6700	 Dpto. de Ciencias y Tec. del Comportamiento	6706		
6707	6700	 Dpto. de Diseño Arquitectura y Artes Plast.	6707		
6708	6700	 Dpto. de Planificacion Urbana	6708		
6751	6700	 Inst. de Altos Estudios de America Latina	6751		
6752	6700	 Instituto de Estudios Regionales y Urbanos	6752		
6753	6700	 Bolivarium	6753		
6800	6000	 Division de Ciencias Biologicas	6800		
6801	6800	 Dpto. de Biologia Celular	6801		
6802	6800	 Dpto. de Estudios Ambientales	6802		
6803	6800	 Dpto. de Tecnol. de Proc. Biolog. y Bioqui.	6803		
6804	6800	 Dpto. de Biologia de Organismos	6804		
6851	6800	 Instituto de Tecnol. y Ciencias Marinas	6851		
6852	6800	 Instituto de Recursos Naturales Renovables	6852		
6900	6000	 NO--EXISTE--En--El--Archivo	6900		
6910	6900	 Centro de Investigaciones Educativas	6910		
6920	6900	 Decanato de Extension	6920		
6930	6900	 CAMBIO a la 7040 Dir. Servicios Multimedia	6930		
6940	6900	 Biblioteca	6940		
6950	6900	 Direccion de Desarrollo Profesoral	6950		
6960	6900	 Direccion de Deportes	6960		
7000	0	 Secretaria	7000		
7010	7000	 Direccion de Admision y Control de Estudios (DACE)	7010		
7020	7000	 Direccion de Ingenieria de la Informacion	7020		
7030	7000	 Centro de Documentacion y Archivo (CENDA)	7030		
7040	7000	 Direccion de Servicios Multimedia	7040		
7044	7000	 Unidad de Edumatica	7044		
7050	7000	 Direccion de Servicios Telematicos	7050		
8000	0	 Nucleo Universitario del Litoral (DIR. GENERAL).	8000		
8010	8000	 Ofic. de Informacion y Secretaria.	8010		
8020	8000	 Ofic. de Relaciones Publicas.	8020		
8090	8000	 Pensionados y Jubilados.	8090		
8100	8000	 Direccion de Administracion.	8100		
8110	8100	 Dpto. de Finanzas	8110		
8120	8100	 Dpto. de Recursos Humanos	8120		
8121	8100	 Unidad de Apoyo Administrativo	8121		
8130	8100	 Dpto. de Registro y Control Admtvo.	8130		
8140	8100	 Dpto. de Ingenieria y Mantenimiento	8140		
8150	8100	 Dpto. de Adquisiciones y Reproduccion	8150		
8160	8100	 Dpto. de Seguridad y Servicios	8160		
8200	8000	 Direccion de Apoyo Infor. Academica	8200		
8210	8200	 Dpto. de Admision y Control Estudios	8210		
8220	8200	 Dpto. de Archivo y Estadistica	8220		
8230	8200	 Coord. de Ingenieria de Informacion	8230		
8240	8200	 Dpto. de Biblioteca	8240		
8250	8200	 Departamento de Multimedia Sede Litoral	8250		
8260	8200	 Dpto. de Operaciones de Servicios Telematicos	8260		
8300	8000	 Coord. de Extension Universitaria	8300		
8400	8000	 Dpto. de Desarrollo Estudiantil	8400		
8410	8400	 Coord. de Tecnologia Industrial	8410		
8420	8400	 Coord. de Tecnologia Administrativa	8420		
8430	8400	 Deportes	8430		
8440	8400	 Unidad de Apoyo Docente	8440		
8500	8000	 Direccion de Programacion Docente	8500		
8510	8500	 Coord. de Tecno. Elect. Electronica	8510		
8520	8500	 Coord. de Formacion General	8520		
8530	8500	 Coord. de Tecno. Mecanica y Mant. Aerona.	8530		
8540	8500	 Coord. de Cursos en Coop. con la Empresa	8540		
8550	8500	 Coord. de Admt. de Turismo y Hoteleria	8550		
8560	8500	 Coord. de Educacion Permanente	8560		
8570	8500	 Coord. de Tec. Adm. Gerenciales y Tribut.	8570		
8600	8000	 Direccion de Admt. de Programas Academicos	8600		
8610	8600	 Unidad de Laboratorios	8610		
8620	8600	 Dpto. de Tecnologia Industrial	8620		
8630	8600	 Dpto. de Tecnologia de Servicio	8630		
8640	8600	 Dpto. Form. General y Ccias. Basicas	8640		
8650	8600	 Centro de Inv. en Tec. Apropiadas	8650		
8700	8000	 Direccion de Investigacion	8700		
9000	0	 Consejo Superior	9000		
\.


--
-- Name: organizacion_id_seq; Type: SEQUENCE SET; Schema: public; Owner: root
--

SELECT pg_catalog.setval('organizacion_id_seq', 1, false);


--
-- Data for Name: persona; Type: TABLE DATA; Schema: public; Owner: root
--

COPY persona (id, tipo, nombre, apellido, cedula, sexo, fecha_nac, unidad, direccion, telefono, email) FROM stdin;
0	0	Sin asignar			 					\N
20	2	Noralih	Hernandez	11555391	F		6203	\N	\N	noralih@prueba.net
21	1	Kenyer	Domínguez	12345678	M		6203	\N	\N	kenyer@prueba.net
22	2	Teresa Josefina	Porco	6208709	F		6203	\N	\N	teresa@prueba.net
23	3	Carmen del Valle	Garcia Obando	11200856	F		4020	\N	\N	carmen@prueba.net
24	4	Jerilyn	Goncalves	18445082	F		4000	\N	\N	jerilyn@prueba.net
25	2	Ana Amarilis	González	3882588	F		6203	\N	\N	ana@prueba.net
26	2	Emilia Juana	Voso de Lucio	6367689	F		6203	\N	\N	emilia@prueba.net
\.


--
-- Data for Name: persona_cargo; Type: TABLE DATA; Schema: public; Owner: root
--

COPY persona_cargo (id_per, id_car, actual, fecha_ini, fecha_fin, observacion) FROM stdin;
23	819	t	01-01-2010	\N	Primer cargo de Carmen del Valle
25	242	t	01-01-2010	\N	Primer cargo de Ana Amarilis
26	741	t	01-01-2010	\N	Primer cargo de Emilia
22	237	t	01-01-2010	\N	Primer cargo de Teresa Josefina
20	740	t	01-01-2010	\N	Primer cargo de Noralih
\.


--
-- Data for Name: persona_encuesta; Type: TABLE DATA; Schema: public; Owner: root
--

COPY persona_encuesta (id_encuesta, id_encuesta_ls, token_ls, tid_ls, periodo, id_car, id_unidad, tipo, id_encuestado, id_evaluado, estado, actual, fecha, ip) FROM stdin;
5	576144	a9aaci6igpnje86	11	50	237	6203	autoevaluacion	22	22	Pendiente	t	08/12/2013.18:23	127.0.0.1
5	576144	75rncg43feeu64t	12	50	237	6203	evaluador	21	22	Finalizada	t	08/12/2013.19:00	127.0.0.1
\.


--
-- Data for Name: persona_evaluador; Type: TABLE DATA; Schema: public; Owner: root
--

COPY persona_evaluador (id_per, id_eva, actual, fecha_ini, fecha_fin, observacion) FROM stdin;
23	21	t	01-01-2010	\N	Primer evaluador de Carmen del Valle
25	21	t	01-01-2010	\N	Primer evaluador de Ana Amarilis
26	21	t	01-01-2010	\N	Primer evaluador de Emilia
22	21	t	01-01-2010	\N	Primer evaluador de Teresa Josefina
20	21	t	01-01-2010	\N	Primer evaluador de Noralih
\.


--
-- Name: persona_id_seq; Type: SEQUENCE SET; Schema: public; Owner: root
--

SELECT pg_catalog.setval('persona_id_seq', 26, true);


--
-- Data for Name: persona_rol; Type: TABLE DATA; Schema: public; Owner: root
--

COPY persona_rol (id_per, id_rol, fecha, observacion) FROM stdin;
\.


--
-- Data for Name: persona_supervisor; Type: TABLE DATA; Schema: public; Owner: root
--

COPY persona_supervisor (id_per, id_sup, actual, fecha_ini, fecha_fin, observacion) FROM stdin;
23	24	t	01-01-2010	\N	Primer supervisor jerárquico de Carmen del Valle
25	24	t	01-01-2010	\N	Primer supervisor jerárquico de Ana Amarilis
26	24	t	01-01-2010	\N	Primer supervisor jerárquico de Emilia
22	24	t	01-01-2010	\N	Primer supervisor jerárquico de Teresa Josefina
20	24	t	01-01-2010	\N	Primer supervisor jerárquico de Noralih
\.


--
-- Data for Name: pregunta; Type: TABLE DATA; Schema: public; Owner: root
--

COPY pregunta (id_pregunta, id_pregunta_ls, id_encuesta, id_encuesta_ls, seccion, titulo, peso, id_pregunta_root_ls) FROM stdin;
185	215	5	576144	competencia	Conductas	\N	\N
186	222	5	576144	competencia	Identifica las necesidades de los usuarios (internos y/o externos)	\N	215
187	223	5	576144	competencia	Responde oportunamente a las necesidades planteadas	\N	215
188	224	5	576144	competencia	Cumple con los compromisos establecidos con las personas 	\N	215
189	225	5	576144	competencia	Contacta con las unidades, personas o grupos para poder cumplir con su  trabajo	\N	215
190	226	5	576144	competencia	Ofrece alternativas de solución para asegurar la satisfacción de las personas	\N	215
191	227	5	576144	competencia	Demuestra una actitud agradable al atender a los demás	\N	215
192	228	5	576144	competencia	Controla sus emociones en situaciones de presión 	\N	215
193	229	5	576144	competencia	Domina su malestar en situaciones problemáticas 	\N	215
194	230	5	576144	competencia	Adopta una actitud positiva en situaciones difíciles	\N	215
195	231	5	576144	competencia	Expresa sus desacuerdos con un adecuado control de sus emociones 	\N	215
196	232	5	576144	competencia	Expresa sus ideas de forma clara y precisa	\N	215
197	233	5	576144	competencia	Demuestra una actitud positiva al escuchar	\N	215
198	234	5	576144	competencia	Responde oportunamente a su interlocutor 	\N	215
199	235	5	576144	competencia	Utiliza adecuadamente los canales regulares de acuerdo con la situación	\N	215
200	236	5	576144	competencia	Informa a tiempo sobre las situaciones o problemas que se presentan en su  trabajo	\N	215
201	237	5	576144	competencia	Se comunica de forma cordial	\N	215
202	238	5	576144	competencia	Ofrece información precisa relacionada con su trabajo	\N	215
203	239	5	576144	competencia	Escucha con atención	\N	215
204	240	5	576144	competencia	Busca oportunamente información acorde a los requerimientos	\N	215
205	241	5	576144	competencia	Usa correctamente el lenguaje escrito (vocabulario, ortografía, sintaxis) 	\N	215
206	242	5	576144	competencia	Ofrece oportunamente la información que se le solicita. 	\N	215
207	243	5	576144	competencia	Mantiene la información en los niveles de confidencialidad establecidos. 	\N	215
208	244	5	576144	competencia	Archiva adecuadamente la documentación que recibe	\N	215
209	245	5	576144	competencia	Actualiza frecuentemente la información requerida para realizar su trabajo. 	\N	215
210	217	5	576144	competencia	Señale aquellos aspectos en los que el trabajador se destaque.	\N	\N
211	218	5	576144	competencia	Señale aquellos aspectos en los que el trabajador debe mejorar	\N	\N
216	257	5	576144	factor	INICIATIVA E INNOVACIÓN: Habilidad demostrada por el trabajador para crear nuevas ideas, tomar acciones por voluntad propia y utilizar nuevas formas de hacer las cosas que simplifiquen el trabajo	1	216
217	258	5	576144	factor	ORGANIZACION DEL TRABAJO: Capacidad demostrada por el trabajador para agrupar, distribuir y establecer prioridades para garantizar el logro de la ejecución de actividades	1	216
218	259	5	576144	factor	ORIENTACIÓN A RESULTADOS: Capacidad demostrada por el trabajador para presentar resultados de forma continua y progresiva en relación con las funciones desempeñadas en el cargo y las metas establecidas	1	216
219	260	5	576144	factor	RELACIONES INTERPERSONALES: Capacidad demostrada por el  trabajador de aceptar y comprender a aquellas personas con quienes se  relaciona tal y como son; respetando sus ideas y derechos, lo que permite una  convivencia sana en las áreas de trabajo	1	216
220	261	5	576144	factor	RESPONSABILIDAD: Capacidad demostrada por el trabajador para aceptar las consecuencias de sus actos, cumplir y exigir compromisos, tomando en cuenta el cuidado y bienestar de las personas y de la Universidad	1	216
221	262	5	576144	factor	SOLUCIÓN DE PROBLEMAS: Capacidad demostrada por el trabajador para comprender dificultades en su trabajo y presentar posibles soluciones a través de acciones practicas	1	216
222	219	5	576144	factor	<p>\n\t<em>Factores extrínsecos o indirectos</em>; cualidades demostradas por toda persona para el logro de metas superiores, grupales o institucionales</p>\n	\N	\N
223	263	5	576144	factor	ASISTENCIA: Es el resultado que se obtiene al evaluar la relación entre los momentos de presencia y ausencia del trabajador en la Universidad	1	219
225	265	5	576144	factor	PUNTUALIDAD: Compromiso demostrado por el trabajador para cumplir con regularidad la ejecución de sus actividades; especialmente las relativas a los tiempos y plazos convenidos (jornada de trabajo, hora de llegada, hora de salida, eventos, reuniones, talleres, entre otros 	0.5	219
226	220	5	576144	factor	Señale aquellos aspectos en los que el trabajador se destaque	\N	\N
227	221	5	576144	factor	Señale aquellos aspectos en los que el trabajador debe mejorar	\N	\N
228	112	6	548847	competencia	Conductas	\N	\N
229	115	6	548847	competencia	Identifica las necesidades de los usuarios (internos y/o externos)	\N	112
212	216	5	576144	factor	<p>\n\t<em>Factores intrínsecos o directos</em>; capacidades o habilidades demostradas por toda persona durante el desempeño de actividades, no siendo inherentes a un cargo en particular</p>\n	\N	\N
213	254	5	576144	factor	ADMINISTRACIÓN DE RECURSOS: Habilidad demostrada por el trabajador en el cuidado, uso y aprovechamiento de los materiales, equipos de trabajo, herramientas u otros enceres que se encuentran bajo su responsabilidad	0.5	216
214	255	5	576144	factor	CALIDAD DE TRABAJO: Capacidad demostrada por el trabajador para utilizar efectivamente sus conocimientos y habilidades en la realización de sus tareas, cumpliendo con las instrucciones y exigencias en cuanto a tiempo y normas establecidas por su supervisor inmediato	1	216
215	256	5	576144	factor	COMPROMISO INSTITUCIONAL: Actitud demostrada por el trabajador de aceptar y velar por el cumplimiento de las normas y metas establecidas por su grupo de trabajo y por la Universidad	0.200000003	216
224	264	5	576144	factor	PERMANENCIA: Capacidad demostrada por el trabajador de estar disponible en el sitio de trabajo; o bien donde se requiera su servicio, para la ejecución de las tareas asignadas	1	219
230	116	6	548847	competencia	Responde oportunamente a las necesidades planteadas	\N	112
231	117	6	548847	competencia	Cumple con los compromisos establecidos con las personas 	\N	112
232	118	6	548847	competencia	Contacta con las unidades, personas o grupos para poder cumplir con su  trabajo	\N	112
233	119	6	548847	competencia	Ofrece alternativas de solución para asegurar la satisfacción de las personas	\N	112
234	120	6	548847	competencia	Demuestra una actitud agradable al atender a los demás	\N	112
235	121	6	548847	competencia	Controla sus emociones en situaciones de presión 	\N	112
236	122	6	548847	competencia	Domina su malestar en situaciones problemáticas 	\N	112
237	123	6	548847	competencia	Adopta una actitud positiva en situaciones difíciles	\N	112
238	124	6	548847	competencia	Expresa sus desacuerdos con un adecuado control de sus emociones 	\N	112
239	125	6	548847	competencia	Expresa sus ideas de forma clara y precisa	\N	112
240	126	6	548847	competencia	Demuestra una actitud positiva al escuchar	\N	112
241	127	6	548847	competencia	Responde oportunamente a su interlocutor 	\N	112
242	128	6	548847	competencia	Utiliza adecuadamente los canales regulares de acuerdo con la situación	\N	112
243	129	6	548847	competencia	Informa a tiempo sobre las situaciones o problemas que se presentan en su  trabajo	\N	112
244	130	6	548847	competencia	Se comunica de forma cordial	\N	112
245	131	6	548847	competencia	Ofrece información precisa relacionada con su trabajo	\N	112
246	132	6	548847	competencia	Escucha con atención	\N	112
247	133	6	548847	competencia	Busca oportunamente información acorde a los requerimientos	\N	112
248	134	6	548847	competencia	Usa correctamente el lenguaje escrito (vocabulario, ortografía, sintaxis) 	\N	112
249	135	6	548847	competencia	Ofrece oportunamente la información que se le solicita. 	\N	112
250	136	6	548847	competencia	Mantiene la información en los niveles de confidencialidad establecidos. 	\N	112
251	137	6	548847	competencia	Archiva adecuadamente la documentación que recibe	\N	112
252	138	6	548847	competencia	Actualiza frecuentemente la información requerida para realizar su trabajo. 	\N	112
253	139	6	548847	competencia	Organiza el trabajo en función del tiempo requerido	\N	112
254	140	6	548847	competencia	Soluciona situaciones inesperadas de su día a día de trabajo	\N	112
255	141	6	548847	competencia	Atiende eficientemente diversos proyectos, tareas y/o acciones	\N	112
256	142	6	548847	competencia	Utiliza apropiadamente los recursos disponibles (humanos, técnicos, materiales, financieros)	\N	112
257	143	6	548847	competencia	Identifica prioridades en su trabajo	\N	112
258	144	6	548847	competencia	Establece metas que pueden lograrse	\N	112
259	145	6	548847	competencia	Diseña las estrategias para alcanzar las metas	\N	112
260	146	6	548847	competencia	Ejecuta las acciones establecidas dentro de los plazos de tiempo fijados 	\N	112
261	201	6	548847	competencia	Señale aquellos aspectos en los que el trabajador se destaque.	\N	\N
262	202	6	548847	competencia	Señale aquellos aspectos en los que el trabajador debe mejorar	\N	\N
263	158	6	548847	factor	<p>\r\n\t<em>Factores intrínsecos o directos</em>; capacidades o habilidades demostradas por toda persona durante el desempeño de actividades, no siendo inherentes a un cargo en particular</p>\r\n	\N	\N
264	159	6	548847	factor	ADMINISTRACIÓN DE RECURSOS: Habilidad demostrada por el trabajador en el cuidado, uso y aprovechamiento de los materiales, equipos de trabajo, herramientas u otros enceres que se encuentran bajo su responsabilidad	1	158
265	160	6	548847	factor	CALIDAD DE TRABAJO: Capacidad demostrada por el trabajador para utilizar efectivamente sus conocimientos y habilidades en la realización de sus tareas, cumpliendo con las instrucciones y exigencias en cuanto a tiempo y normas establecidas por su supervisor inmediato	1	158
266	161	6	548847	factor	COMPROMISO INSTITUCIONAL: Actitud demostrada por el trabajador de aceptar y velar por el cumplimiento de las normas y metas establecidas por su grupo de trabajo y por la Universidad	1	158
267	162	6	548847	factor	INICIATIVA E INNOVACIÓN: Habilidad demostrada por el trabajador para crear nuevas ideas, tomar acciones por voluntad propia y utilizar nuevas formas de hacer las cosas que simplifiquen el trabajo	1	158
268	163	6	548847	factor	ORGANIZACION DEL TRABAJO: Capacidad demostrada por el trabajador para agrupar, distribuir y establecer prioridades para garantizar el logro de la ejecución de actividades	1	158
269	164	6	548847	factor	ORIENTACIÓN A RESULTADOS: Capacidad demostrada por el trabajador para presentar resultados de forma continua y progresiva en relación con las funciones desempeñadas en el cargo y las metas establecidas	0.5	158
270	165	6	548847	factor	RELACIONES INTERPERSONALES: Capacidad demostrada por el  trabajador de aceptar y comprender a aquellas personas con quienes se  relaciona tal y como son; respetando sus ideas y derechos, lo que permite una  convivencia sana en las áreas de trabajo	1	158
271	166	6	548847	factor	RESPONSABILIDAD: Capacidad demostrada por el trabajador para aceptar las consecuencias de sus actos, cumplir y exigir compromisos, tomando en cuenta el cuidado y bienestar de las personas y de la Universidad	1	158
272	167	6	548847	factor	SOLUCIÓN DE PROBLEMAS: Capacidad demostrada por el trabajador para comprender dificultades en su trabajo y presentar posibles soluciones a través de acciones practicas	1	158
273	203	6	548847	factor	<p>\r\n\t<em>Factores extrínsecos o indirectos</em>; cualidades demostradas por toda persona para el logro de metas superiores, grupales o institucionales</p>\r\n	\N	\N
274	204	6	548847	factor	ASISTENCIA: Es el resultado que se obtiene al evaluar la relación entre los momentos de presencia y ausencia del trabajador en la Universidad	0.5	203
275	205	6	548847	factor	PERMANENCIA: Capacidad demostrada por el trabajador de estar disponible en el sitio de trabajo; o bien donde se requiera su servicio, para la ejecución de las tareas asignadas	1	203
276	206	6	548847	factor	PUNTUALIDAD: Compromiso demostrado por el trabajador para cumplir con regularidad la ejecución de sus actividades; especialmente las relativas a los tiempos y plazos convenidos (jornada de trabajo, hora de llegada, hora de salida, eventos, reuniones, talleres, entre otros 	1	203
277	214	6	548847	factor	Señale aquellos aspectos en los que el trabajador debe mejorar	\N	\N
278	213	6	548847	factor	Señale aquellos aspectos en los que el trabajador se destaque	\N	\N
\.


--
-- Name: pregunta_id_seq; Type: SEQUENCE SET; Schema: public; Owner: root
--

SELECT pg_catalog.setval('pregunta_id_seq', 278, true);


--
-- Data for Name: respuesta; Type: TABLE DATA; Schema: public; Owner: root
--

COPY respuesta (token_ls, id_pregunta, respuesta) FROM stdin;
75rncg43feeu64t	186	Siempre
75rncg43feeu64t	187	Casi siempre
75rncg43feeu64t	188	Casi siempre
75rncg43feeu64t	189	Pocas veces
75rncg43feeu64t	190	Casi siempre
75rncg43feeu64t	191	Casi siempre
75rncg43feeu64t	192	Pocas veces
75rncg43feeu64t	193	Casi siempre
75rncg43feeu64t	194	Casi siempre
75rncg43feeu64t	195	Pocas veces
75rncg43feeu64t	196	Siempre
75rncg43feeu64t	197	Casi siempre
75rncg43feeu64t	198	Casi siempre
75rncg43feeu64t	199	Pocas veces
75rncg43feeu64t	200	Casi siempre
75rncg43feeu64t	201	Casi siempre
75rncg43feeu64t	202	Pocas veces
75rncg43feeu64t	203	Casi siempre
75rncg43feeu64t	204	Siempre
75rncg43feeu64t	205	Siempre
75rncg43feeu64t	206	Casi siempre
75rncg43feeu64t	207	Siempre
75rncg43feeu64t	208	Siempre
75rncg43feeu64t	209	Siempre
75rncg43feeu64t	210	Escucha con atención
75rncg43feeu64t	211	Expresa sus ideas de forma clara y precisa
75rncg43feeu64t	213	En lo esperado
75rncg43feeu64t	214	En lo esperado
75rncg43feeu64t	215	Por debajo de lo esperado
75rncg43feeu64t	216	Por debajo de lo esperado
75rncg43feeu64t	217	En lo esperado
75rncg43feeu64t	218	En lo esperado
75rncg43feeu64t	219	En lo esperado
75rncg43feeu64t	220	En lo esperado
75rncg43feeu64t	221	En lo esperado
75rncg43feeu64t	223	En lo esperado
75rncg43feeu64t	224	En lo esperado
75rncg43feeu64t	225	Por debajo de lo esperado
75rncg43feeu64t	226	PUNTUALIDAD
75rncg43feeu64t	227	SOLUCIÓN DE PROBLEMAS
\.


--
-- Data for Name: rol; Type: TABLE DATA; Schema: public; Owner: root
--

COPY rol (id, id_fam, codigo, nombre, clave, descripcion, funciones) FROM stdin;
0	0		Sin asignar	f		
\.


--
-- Name: rol_id_seq; Type: SEQUENCE SET; Schema: public; Owner: root
--

SELECT pg_catalog.setval('rol_id_seq', 1, false);


--
-- Data for Name: usuario; Type: TABLE DATA; Schema: public; Owner: root
--

COPY usuario (id, username) FROM stdin;
\.


--
-- Name: usuario_id_seq; Type: SEQUENCE SET; Schema: public; Owner: root
--

SELECT pg_catalog.setval('usuario_id_seq', 1, false);


--
-- Name: cargo_pkey; Type: CONSTRAINT; Schema: public; Owner: root; Tablespace: 
--

ALTER TABLE ONLY cargo
    ADD CONSTRAINT cargo_pkey PRIMARY KEY (id);


--
-- Name: encuesta_pkey; Type: CONSTRAINT; Schema: public; Owner: root; Tablespace: 
--

ALTER TABLE ONLY encuesta
    ADD CONSTRAINT encuesta_pkey PRIMARY KEY (id);


--
-- Name: error_pkey; Type: CONSTRAINT; Schema: public; Owner: root; Tablespace: 
--

ALTER TABLE ONLY error
    ADD CONSTRAINT error_pkey PRIMARY KEY (id_error);


--
-- Name: evaluacion_pkey; Type: CONSTRAINT; Schema: public; Owner: root; Tablespace: 
--

ALTER TABLE ONLY evaluacion
    ADD CONSTRAINT evaluacion_pkey PRIMARY KEY (id);


--
-- Name: familia_cargo_pkey; Type: CONSTRAINT; Schema: public; Owner: root; Tablespace: 
--

ALTER TABLE ONLY familia_cargo
    ADD CONSTRAINT familia_cargo_pkey PRIMARY KEY (id);


--
-- Name: familia_rol_pkey; Type: CONSTRAINT; Schema: public; Owner: root; Tablespace: 
--

ALTER TABLE ONLY familia_rol
    ADD CONSTRAINT familia_rol_pkey PRIMARY KEY (id);


--
-- Name: organizacion_pkey; Type: CONSTRAINT; Schema: public; Owner: root; Tablespace: 
--

ALTER TABLE ONLY organizacion
    ADD CONSTRAINT organizacion_pkey PRIMARY KEY (id);


--
-- Name: persona_pkey; Type: CONSTRAINT; Schema: public; Owner: root; Tablespace: 
--

ALTER TABLE ONLY persona
    ADD CONSTRAINT persona_pkey PRIMARY KEY (id);


--
-- Name: pregunta_pkey; Type: CONSTRAINT; Schema: public; Owner: root; Tablespace: 
--

ALTER TABLE ONLY pregunta
    ADD CONSTRAINT pregunta_pkey PRIMARY KEY (id_pregunta);


--
-- Name: rol_pkey; Type: CONSTRAINT; Schema: public; Owner: root; Tablespace: 
--

ALTER TABLE ONLY rol
    ADD CONSTRAINT rol_pkey PRIMARY KEY (id);


--
-- Name: usuario_pkey; Type: CONSTRAINT; Schema: public; Owner: root; Tablespace: 
--

ALTER TABLE ONLY usuario
    ADD CONSTRAINT usuario_pkey PRIMARY KEY (id);


--
-- Name: cargo_id_fam_fkey; Type: FK CONSTRAINT; Schema: public; Owner: root
--

ALTER TABLE ONLY cargo
    ADD CONSTRAINT cargo_id_fam_fkey FOREIGN KEY (id_fam) REFERENCES familia_cargo(id) ON DELETE CASCADE;


--
-- Name: correo_id_per_fkey; Type: FK CONSTRAINT; Schema: public; Owner: root
--

ALTER TABLE ONLY correo
    ADD CONSTRAINT correo_id_per_fkey FOREIGN KEY (id_per) REFERENCES persona(id) ON DELETE CASCADE;


--
-- Name: jefe_id_jef_fkey; Type: FK CONSTRAINT; Schema: public; Owner: root
--

ALTER TABLE ONLY jefe
    ADD CONSTRAINT jefe_id_jef_fkey FOREIGN KEY (id_jef) REFERENCES persona(id) ON DELETE CASCADE;


--
-- Name: jefe_id_per_fkey; Type: FK CONSTRAINT; Schema: public; Owner: root
--

ALTER TABLE ONLY jefe
    ADD CONSTRAINT jefe_id_per_fkey FOREIGN KEY (id_per) REFERENCES persona(id) ON DELETE CASCADE;


--
-- Name: organizacion_idsup_fkey; Type: FK CONSTRAINT; Schema: public; Owner: root
--

ALTER TABLE ONLY organizacion
    ADD CONSTRAINT organizacion_idsup_fkey FOREIGN KEY (idsup) REFERENCES organizacion(id) ON DELETE CASCADE;


--
-- Name: persona_cargo_id_car_fkey; Type: FK CONSTRAINT; Schema: public; Owner: root
--

ALTER TABLE ONLY persona_cargo
    ADD CONSTRAINT persona_cargo_id_car_fkey FOREIGN KEY (id_car) REFERENCES cargo(id) ON DELETE CASCADE;


--
-- Name: persona_cargo_id_per_fkey; Type: FK CONSTRAINT; Schema: public; Owner: root
--

ALTER TABLE ONLY persona_cargo
    ADD CONSTRAINT persona_cargo_id_per_fkey FOREIGN KEY (id_per) REFERENCES persona(id) ON DELETE CASCADE;


--
-- Name: persona_evaluador_id_eva_fkey; Type: FK CONSTRAINT; Schema: public; Owner: root
--

ALTER TABLE ONLY persona_evaluador
    ADD CONSTRAINT persona_evaluador_id_eva_fkey FOREIGN KEY (id_eva) REFERENCES persona(id);


--
-- Name: persona_evaluador_id_per_fkey; Type: FK CONSTRAINT; Schema: public; Owner: root
--

ALTER TABLE ONLY persona_evaluador
    ADD CONSTRAINT persona_evaluador_id_per_fkey FOREIGN KEY (id_per) REFERENCES persona(id) ON DELETE CASCADE;


--
-- Name: persona_rol_id_per_fkey; Type: FK CONSTRAINT; Schema: public; Owner: root
--

ALTER TABLE ONLY persona_rol
    ADD CONSTRAINT persona_rol_id_per_fkey FOREIGN KEY (id_per) REFERENCES persona(id) ON DELETE CASCADE;


--
-- Name: persona_rol_id_rol_fkey; Type: FK CONSTRAINT; Schema: public; Owner: root
--

ALTER TABLE ONLY persona_rol
    ADD CONSTRAINT persona_rol_id_rol_fkey FOREIGN KEY (id_rol) REFERENCES rol(id) ON DELETE CASCADE;


--
-- Name: persona_supervisor_id_per_fkey; Type: FK CONSTRAINT; Schema: public; Owner: root
--

ALTER TABLE ONLY persona_supervisor
    ADD CONSTRAINT persona_supervisor_id_per_fkey FOREIGN KEY (id_per) REFERENCES persona(id) ON DELETE CASCADE;


--
-- Name: persona_supervisor_id_sup_fkey; Type: FK CONSTRAINT; Schema: public; Owner: root
--

ALTER TABLE ONLY persona_supervisor
    ADD CONSTRAINT persona_supervisor_id_sup_fkey FOREIGN KEY (id_sup) REFERENCES persona(id);


--
-- Name: rol_id_fam_fkey; Type: FK CONSTRAINT; Schema: public; Owner: root
--

ALTER TABLE ONLY rol
    ADD CONSTRAINT rol_id_fam_fkey FOREIGN KEY (id_fam) REFERENCES familia_rol(id) ON DELETE CASCADE;


--
-- Name: public; Type: ACL; Schema: -; Owner: root
--

REVOKE ALL ON SCHEMA public FROM PUBLIC;
REVOKE ALL ON SCHEMA public FROM root;
GRANT ALL ON SCHEMA public TO root;
GRANT ALL ON SCHEMA public TO PUBLIC;


--
-- PostgreSQL database dump complete
--

